Participant,Experimental_Group,Age,Sex,Message Rank,Message1,Message2,Message3,Message4,Message5,Dis_AI1,Dis_AI2,Dis_AI3,Dis_AI4,Dis_AI5,Dis_AI6,Dis_AI7,Dis_AI8,Dis_AI9,Dis_AI10,Dis_AI11,Dis_AI12,Dis_AI13,Dis_AI14,Dis_AI15,Dis_Hum1,Dis_Hum2,Dis_Hum3,Dis_Hum4,Dis_Hum5,Dis_Hum6,Dis_Hum7,Dis_Hum8,Dis_Hum9,Dis_Hum10,Dis_Hum11,Dis_Hum12,Dis_Hum13,Dis_Hum14,Dis_Hum15,Con_AI1,Con_AI2,Con_AI3,Con_AI4,Con_AI5,Con_AI6,Con_AI7,Con_AI8,Con_AI9,Con_AI10,Con_AI11,Con_AI12,Con_AI13,Con_AI14,Con_AI15,Con_Hum1,Con_Hum2,Con_Hum3,Con_Hum4,Con_Hum5,Con_Hum6,Con_Hum7,Con_Hum8,Con_Hum9,Con_Hum10,Con_Hum11,Con_Hum12,Con_Hum13,Con_Hum14,Con_Hum15,Unp_AI1,Unp_AI2,Unp_AI3,Unp_AI4,Unp_AI5,Unp_AI6,Unp_AI7,Unp_AI8,Unp_AI9,Unp_AI10,Unp_AI11,Unp_AI12,Unp_AI13,Unp_AI14,Unp_AI15,Unp_Hum1,Unp_Hum2,Unp_Hum3,Unp_Hum4,Unp_Hum5,Unp_Hum6,Unp_Hum7,Unp_Hum8,Unp_Hum9,Unp_Hum10,Unp_Hum11,Unp_Hum12,Unp_Hum13,Unp_Hum14,Unp_Hum15,Per_AI1_1,Per_AI2_1,Per_AI3_1,Per_AI4_1,Per_AI5_1,Per_AI6_1,Per_AI7_1,Per_AI8_1,Per_AI9_1,Per_AI10_1,Per_AI11_1,Per_AI12_1,Per_AI13_1,Per_AI14_1,Per_AI15_1,Per_AI16_1,Per_AI17_1,Per_AI18_1,Per_AI19_1,Per_AI20_1,recruitment_platform
1,Disclosed,38.0,Female,"7,9,11,13,15",7.0,9.0,11.0,13.0,15.0,4.0,4.0,4.0,4.0,4.0,4.0,5.0,4.0,5.0,4.0,4.0,3.0,4.0,3.0,3.0,3.0,4.0,4.0,4.0,3.0,3.0,3.0,4.0,3.0,5.0,4.0,4.0,2.0,5.0,4.0,4.0,5.0,4.0,4.0,4.0,4.0,5.0,5.0,4.0,5.0,4.0,2.0,3.0,3.0,3.0,3.0,4.0,2.0,4.0,4.0,4.0,3.0,4.0,3.0,5.0,4.0,3.0,2.0,5.0,4.0,4.0,5.0,3.0,4.0,5.0,4.0,4.0,5.0,5.0,5.0,4.0,3.0,5.0,4.0,4.0,3.0,5.0,4.0,4.0,5.0,4.0,5.0,4.0,4.0,5.0,4.0,5.0,1.0,5.0,5.0,2.0,3.0,3.0,4.0,5.0,4.0,4.0,1.0,1.0,3.0,5.0,5.0,1.0,5.0,1.0,1.0,3.0,4.0,1.0,2.0,Prolific
2,Not Disclosed,44.0,Female,"4,6,13,21,31",4.0,6.0,13.0,21.0,31.0,5.0,5.0,5.0,5.0,5.0,5.0,5.0,5.0,5.0,5.0,5.0,5.0,5.0,5.0,5.0,5.0,5.0,5.0,5.0,5.0,5.0,5.0,5.0,5.0,5.0,5.0,5.0,5.0,5.0,5.0,5.0,5.0,5.0,5.0,5.0,5.0,5.0,5.0,5.0,5.0,5.0,5.0,5.0,5.0,5.0,5.0,5.0,5.0,5.0,5.0,5.0,5.0,5.0,5.0,5.0,5.0,5.0,5.0,5.0,5.0,5.0,5.0,5.0,5.0,5.0,5.0,5.0,5.0,5.0,5.0,5.0,5.0,5.0,5.0,5.0,5.0,5.0,5.0,5.0,5.0,5.0,5.0,5.0,5.0,5.0,5.0,5.0,5.0,5.0,5.0,1.0,4.0,3.0,3.0,4.0,4.0,4.0,2.0,2.0,2.0,4.0,3.0,1.0,4.0,4.0,1.0,3.0,4.0,3.0,4.0,Prolific
3,Disclosed,35.0,Female,"22,24,25,28,29",22.0,24.0,25.0,28.0,29.0,3.0,3.0,3.0,3.0,3.0,3.0,3.0,3.0,3.0,3.0,3.0,2.0,2.0,3.0,3.0,3.0,4.0,5.0,4.0,3.0,4.0,3.0,3.0,4.0,4.0,3.0,4.0,3.0,2.0,3.0,4.0,4.0,4.0,4.0,4.0,4.0,4.0,4.0,4.0,4.0,4.0,3.0,4.0,4.0,4.0,4.0,4.0,3.0,4.0,4.0,4.0,4.0,4.0,4.0,4.0,4.0,4.0,4.0,4.0,4.0,4.0,4.0,4.0,4.0,4.0,4.0,4.0,4.0,4.0,4.0,4.0,4.0,4.0,4.0,4.0,4.0,4.0,3.0,4.0,4.0,4.0,4.0,4.0,4.0,4.0,4.0,4.0,4.0,5.0,4.0,2.0,3.0,3.0,3.0,4.0,3.0,3.0,3.0,2.0,3.0,3.0,3.0,1.0,3.0,4.0,3.0,3.0,3.0,5.0,3.0,Prolific
4,Not Disclosed,42.0,Female,"6,12,13,15,29",6.0,12.0,13.0,15.0,29.0,5.0,5.0,4.0,5.0,5.0,5.0,5.0,5.0,5.0,5.0,5.0,3.0,3.0,5.0,5.0,4.0,5.0,4.0,5.0,5.0,5.0,4.0,4.0,5.0,5.0,5.0,5.0,4.0,4.0,3.0,5.0,1.0,2.0,5.0,5.0,5.0,5.0,5.0,5.0,5.0,5.0,3.0,3.0,5.0,3.0,2.0,4.0,1.0,5.0,4.0,5.0,4.0,4.0,4.0,5.0,4.0,4.0,2.0,4.0,4.0,5.0,2.0,1.0,5.0,5.0,5.0,5.0,5.0,5.0,5.0,5.0,2.0,2.0,4.0,2.0,2.0,5.0,2.0,5.0,2.0,5.0,5.0,2.0,5.0,5.0,5.0,5.0,2.0,4.0,4.0,4.0,4.0,2.0,3.0,5.0,2.0,4.0,2.0,2.0,2.0,3.0,3.0,4.0,4.0,2.0,4.0,3.0,4.0,4.0,5.0,Prolific
5,Disclosed,47.0,Female,"6,7,9,15,24",6.0,7.0,9.0,15.0,24.0,5.0,5.0,5.0,5.0,5.0,5.0,5.0,5.0,5.0,5.0,5.0,4.0,5.0,5.0,5.0,5.0,5.0,5.0,5.0,5.0,5.0,4.0,5.0,4.0,5.0,5.0,5.0,5.0,5.0,5.0,5.0,4.0,4.0,5.0,5.0,5.0,5.0,5.0,5.0,5.0,5.0,4.0,4.0,5.0,4.0,5.0,5.0,4.0,5.0,5.0,5.0,5.0,5.0,4.0,5.0,5.0,5.0,4.0,5.0,5.0,5.0,5.0,5.0,5.0,5.0,5.0,5.0,5.0,5.0,5.0,5.0,5.0,5.0,5.0,5.0,5.0,5.0,4.0,5.0,5.0,5.0,5.0,5.0,5.0,5.0,5.0,5.0,5.0,5.0,5.0,4.0,5.0,4.0,4.0,5.0,4.0,4.0,4.0,3.0,4.0,4.0,5.0,4.0,5.0,4.0,4.0,5.0,4.0,3.0,3.0,Prolific
6,Not Disclosed,27.0,Male,"6,9,16,18,30",6.0,9.0,16.0,18.0,30.0,2.0,3.0,1.0,2.0,3.0,3.0,3.0,3.0,2.0,4.0,4.0,4.0,1.0,3.0,4.0,2.0,1.0,3.0,2.0,3.0,4.0,2.0,3.0,5.0,1.0,1.0,2.0,3.0,3.0,1.0,2.0,3.0,3.0,2.0,2.0,3.0,3.0,3.0,2.0,2.0,2.0,3.0,2.0,3.0,3.0,2.0,3.0,2.0,3.0,3.0,3.0,3.0,2.0,3.0,3.0,2.0,2.0,2.0,3.0,3.0,2.0,3.0,3.0,3.0,3.0,2.0,3.0,2.0,3.0,3.0,3.0,3.0,3.0,2.0,2.0,3.0,3.0,2.0,3.0,3.0,2.0,2.0,3.0,2.0,3.0,3.0,3.0,3.0,3.0,3.0,5.0,4.0,4.0,5.0,4.0,3.0,4.0,2.0,5.0,2.0,3.0,5.0,3.0,3.0,1.0,5.0,3.0,4.0,1.0,4.0,Prolific
7,Not Disclosed,34.0,Male,"6,13,20,22,31",6.0,13.0,20.0,22.0,31.0,2.0,4.0,2.0,3.0,2.0,3.0,4.0,3.0,4.0,3.0,2.0,2.0,2.0,2.0,3.0,4.0,2.0,4.0,3.0,3.0,4.0,2.0,4.0,2.0,4.0,3.0,4.0,3.0,4.0,3.0,4.0,2.0,2.0,5.0,4.0,4.0,4.0,4.0,4.0,4.0,3.0,1.0,2.0,2.0,3.0,4.0,1.0,3.0,3.0,4.0,3.0,2.0,4.0,3.0,4.0,4.0,5.0,2.0,4.0,3.0,3.0,3.0,2.0,4.0,3.0,2.0,3.0,3.0,4.0,3.0,4.0,1.0,2.0,2.0,2.0,4.0,2.0,4.0,4.0,4.0,4.0,3.0,4.0,4.0,5.0,4.0,4.0,3.0,3.0,4.0,1.0,3.0,4.0,1.0,1.0,3.0,1.0,4.0,1.0,4.0,1.0,2.0,2.0,2.0,4.0,1.0,1.0,1.0,4.0,2.0,Prolific
8,Not Disclosed,55.0,Male,"6,11,15,35,30",6.0,11.0,15.0,35.0,30.0,2.0,2.0,2.0,4.0,2.0,4.0,4.0,4.0,4.0,4.0,4.0,1.0,4.0,4.0,2.0,2.0,4.0,2.0,4.0,4.0,2.0,4.0,4.0,2.0,4.0,4.0,4.0,2.0,3.0,2.0,4.0,2.0,2.0,4.0,2.0,4.0,4.0,3.0,4.0,2.0,4.0,2.0,2.0,2.0,2.0,2.0,2.0,2.0,4.0,2.0,2.0,4.0,4.0,2.0,4.0,4.0,4.0,2.0,4.0,2.0,2.0,2.0,1.0,4.0,2.0,3.0,4.0,2.0,4.0,2.0,2.0,2.0,1.0,2.0,2.0,3.0,2.0,2.0,2.0,2.0,2.0,2.0,2.0,1.0,3.0,4.0,4.0,1.0,5.0,2.0,4.0,4.0,4.0,4.0,2.0,4.0,3.0,3.0,2.0,3.0,4.0,4.0,4.0,5.0,1.0,4.0,4.0,4.0,2.0,4.0,Prolific
9,Not Disclosed,59.0,Female,"5,6,7,13,31",5.0,6.0,7.0,13.0,31.0,5.0,5.0,5.0,5.0,5.0,5.0,5.0,5.0,5.0,5.0,5.0,2.0,5.0,5.0,4.0,5.0,5.0,2.0,5.0,5.0,5.0,4.0,5.0,2.0,5.0,5.0,5.0,4.0,5.0,4.0,5.0,5.0,5.0,5.0,5.0,5.0,5.0,5.0,5.0,5.0,5.0,5.0,5.0,5.0,5.0,4.0,5.0,5.0,5.0,5.0,5.0,4.0,5.0,5.0,5.0,5.0,5.0,4.0,5.0,5.0,5.0,5.0,5.0,5.0,5.0,5.0,5.0,5.0,5.0,5.0,5.0,5.0,5.0,5.0,5.0,5.0,5.0,2.0,5.0,5.0,5.0,5.0,5.0,5.0,5.0,5.0,5.0,5.0,5.0,5.0,1.0,4.0,2.0,2.0,4.0,2.0,2.0,1.0,2.0,2.0,4.0,4.0,1.0,4.0,1.0,4.0,4.0,4.0,1.0,1.0,Prolific
10,Not Disclosed,40.0,Female,"7,13,24,28,29",7.0,13.0,24.0,28.0,29.0,5.0,4.0,5.0,4.0,4.0,4.0,5.0,4.0,4.0,5.0,4.0,4.0,4.0,5.0,5.0,2.0,4.0,3.0,4.0,4.0,4.0,5.0,5.0,5.0,5.0,5.0,5.0,5.0,4.0,3.0,5.0,4.0,5.0,4.0,4.0,5.0,5.0,5.0,5.0,4.0,4.0,4.0,4.0,4.0,5.0,5.0,4.0,4.0,5.0,5.0,4.0,3.0,5.0,5.0,5.0,4.0,4.0,5.0,4.0,5.0,4.0,5.0,5.0,5.0,5.0,4.0,4.0,5.0,4.0,5.0,5.0,5.0,5.0,4.0,5.0,5.0,5.0,5.0,5.0,5.0,4.0,4.0,4.0,5.0,5.0,5.0,5.0,5.0,4.0,5.0,3.0,4.0,4.0,4.0,5.0,3.0,5.0,3.0,5.0,4.0,4.0,4.0,4.0,5.0,2.0,4.0,3.0,5.0,2.0,3.0,Prolific
11,Disclosed,63.0,Female,"4,6,7,9,11",4.0,6.0,7.0,9.0,11.0,4.0,4.0,3.0,5.0,5.0,5.0,5.0,3.0,5.0,4.0,5.0,4.0,2.0,3.0,5.0,2.0,4.0,2.0,5.0,2.0,5.0,2.0,2.0,2.0,4.0,2.0,5.0,2.0,4.0,2.0,4.0,4.0,5.0,4.0,4.0,5.0,4.0,4.0,5.0,2.0,5.0,5.0,5.0,4.0,4.0,2.0,4.0,2.0,4.0,4.0,4.0,2.0,2.0,4.0,4.0,3.0,4.0,3.0,2.0,2.0,5.0,5.0,5.0,5.0,5.0,5.0,5.0,5.0,5.0,5.0,5.0,5.0,5.0,4.0,5.0,3.0,5.0,2.0,5.0,5.0,5.0,3.0,4.0,5.0,5.0,4.0,5.0,4.0,4.0,2.0,1.0,3.0,4.0,4.0,4.0,4.0,1.0,4.0,4.0,5.0,4.0,2.0,1.0,4.0,5.0,2.0,2.0,2.0,4.0,4.0,Prolific
12,Disclosed,42.0,Male,"5,11,14,29,23",5.0,11.0,14.0,29.0,23.0,3.0,5.0,3.0,3.0,4.0,5.0,5.0,5.0,4.0,5.0,5.0,5.0,4.0,4.0,4.0,3.0,3.0,3.0,5.0,3.0,4.0,3.0,3.0,4.0,4.0,3.0,3.0,5.0,3.0,3.0,3.0,4.0,4.0,3.0,4.0,5.0,5.0,5.0,5.0,4.0,5.0,5.0,5.0,4.0,4.0,3.0,3.0,3.0,5.0,4.0,5.0,3.0,3.0,3.0,3.0,4.0,3.0,5.0,3.0,3.0,3.0,5.0,3.0,3.0,5.0,5.0,5.0,5.0,4.0,4.0,5.0,5.0,5.0,4.0,5.0,3.0,3.0,2.0,5.0,3.0,5.0,3.0,5.0,3.0,4.0,3.0,3.0,5.0,3.0,3.0,3.0,5.0,4.0,3.0,4.0,4.0,5.0,2.0,4.0,4.0,4.0,4.0,3.0,4.0,3.0,3.0,4.0,4.0,2.0,3.0,Prolific
13,Not Disclosed,25.0,Female,"5,6,11,13,25",5.0,6.0,11.0,13.0,25.0,4.0,4.0,4.0,3.0,4.0,4.0,4.0,3.0,3.0,4.0,4.0,4.0,3.0,3.0,4.0,4.0,3.0,4.0,4.0,4.0,4.0,2.0,4.0,4.0,4.0,3.0,4.0,4.0,4.0,4.0,4.0,4.0,4.0,4.0,4.0,4.0,4.0,4.0,4.0,4.0,4.0,4.0,4.0,4.0,4.0,2.0,4.0,4.0,3.0,4.0,4.0,2.0,3.0,3.0,3.0,2.0,4.0,2.0,3.0,4.0,4.0,4.0,3.0,4.0,4.0,4.0,4.0,4.0,4.0,4.0,4.0,4.0,4.0,4.0,4.0,2.0,3.0,4.0,4.0,4.0,4.0,3.0,4.0,2.0,4.0,3.0,4.0,4.0,4.0,4.0,2.0,4.0,4.0,3.0,4.0,4.0,4.0,2.0,2.0,2.0,4.0,4.0,2.0,3.0,2.0,2.0,4.0,2.0,2.0,3.0,Prolific
14,Disclosed,27.0,Female,"9,15,18,24,25",9.0,15.0,18.0,24.0,25.0,4.0,4.0,4.0,4.0,5.0,5.0,3.0,3.0,4.0,5.0,4.0,1.0,4.0,4.0,4.0,2.0,2.0,2.0,5.0,4.0,4.0,3.0,3.0,3.0,4.0,3.0,4.0,4.0,4.0,4.0,5.0,2.0,1.0,4.0,5.0,4.0,4.0,3.0,5.0,3.0,5.0,2.0,4.0,2.0,3.0,2.0,2.0,1.0,4.0,4.0,2.0,3.0,4.0,3.0,2.0,4.0,4.0,4.0,2.0,3.0,4.0,3.0,2.0,3.0,3.0,4.0,4.0,2.0,4.0,2.0,5.0,1.0,2.0,4.0,2.0,2.0,2.0,2.0,4.0,4.0,3.0,2.0,3.0,4.0,4.0,3.0,5.0,2.0,4.0,3.0,4.0,5.0,3.0,4.0,4.0,3.0,3.0,1.0,2.0,3.0,4.0,4.0,4.0,4.0,2.0,5.0,4.0,3.0,4.0,3.0,Prolific
15,Disclosed,39.0,Male,"35,24,25,28,29",35.0,24.0,25.0,28.0,29.0,1.0,1.0,1.0,1.0,1.0,1.0,1.0,1.0,1.0,1.0,1.0,1.0,1.0,1.0,1.0,3.0,1.0,1.0,4.0,4.0,3.0,2.0,3.0,5.0,4.0,4.0,4.0,3.0,3.0,1.0,5.0,5.0,5.0,5.0,5.0,5.0,5.0,5.0,5.0,5.0,5.0,5.0,5.0,5.0,5.0,5.0,5.0,5.0,5.0,5.0,5.0,5.0,5.0,5.0,5.0,5.0,5.0,5.0,5.0,5.0,4.0,4.0,4.0,4.0,4.0,4.0,4.0,4.0,4.0,4.0,4.0,4.0,4.0,4.0,4.0,4.0,4.0,4.0,4.0,4.0,4.0,3.0,4.0,4.0,4.0,5.0,4.0,4.0,5.0,4.0,1.0,3.0,3.0,3.0,1.0,5.0,1.0,3.0,1.0,3.0,3.0,1.0,1.0,3.0,1.0,1.0,3.0,1.0,1.0,3.0,Prolific
16,Not Disclosed,57.0,Female,"6,9,11,19,26",6.0,9.0,11.0,19.0,26.0,5.0,5.0,4.0,5.0,5.0,5.0,5.0,5.0,5.0,5.0,5.0,3.0,5.0,5.0,5.0,3.0,3.0,5.0,5.0,4.0,4.0,5.0,4.0,4.0,4.0,5.0,5.0,4.0,5.0,4.0,5.0,5.0,4.0,4.0,5.0,5.0,4.0,5.0,4.0,5.0,5.0,5.0,5.0,4.0,5.0,3.0,4.0,5.0,5.0,5.0,4.0,5.0,5.0,4.0,5.0,5.0,5.0,3.0,5.0,4.0,4.0,3.0,3.0,5.0,5.0,5.0,5.0,5.0,4.0,4.0,5.0,2.0,5.0,4.0,2.0,2.0,3.0,1.0,5.0,3.0,4.0,5.0,5.0,4.0,5.0,4.0,5.0,3.0,5.0,4.0,5.0,4.0,3.0,4.0,5.0,3.0,4.0,2.0,4.0,4.0,4.0,5.0,4.0,5.0,1.0,3.0,4.0,5.0,1.0,3.0,Prolific
17,Disclosed,47.0,Female,"9,11,15,24,31",9.0,11.0,15.0,24.0,31.0,5.0,4.0,2.0,5.0,5.0,5.0,5.0,5.0,5.0,5.0,5.0,2.0,2.0,4.0,4.0,4.0,5.0,2.0,5.0,5.0,5.0,5.0,5.0,5.0,5.0,5.0,5.0,4.0,5.0,4.0,5.0,3.0,5.0,5.0,5.0,5.0,5.0,5.0,5.0,4.0,5.0,2.0,4.0,4.0,3.0,4.0,5.0,2.0,5.0,5.0,5.0,5.0,5.0,5.0,5.0,5.0,5.0,5.0,5.0,5.0,5.0,4.0,3.0,5.0,5.0,5.0,5.0,5.0,5.0,5.0,5.0,4.0,5.0,5.0,5.0,5.0,5.0,3.0,5.0,5.0,5.0,5.0,5.0,5.0,5.0,5.0,5.0,2.0,5.0,5.0,2.0,3.0,4.0,4.0,5.0,3.0,4.0,3.0,4.0,3.0,4.0,4.0,4.0,4.0,2.0,5.0,3.0,4.0,3.0,4.0,Prolific
18,Disclosed,,Male,"15,16,17,19,25",15.0,16.0,17.0,19.0,25.0,4.0,2.0,4.0,3.0,4.0,4.0,2.0,2.0,3.0,2.0,4.0,5.0,4.0,3.0,3.0,2.0,4.0,1.0,2.0,4.0,4.0,1.0,3.0,2.0,2.0,2.0,2.0,2.0,1.0,1.0,4.0,2.0,4.0,4.0,3.0,3.0,4.0,2.0,2.0,2.0,5.0,5.0,4.0,3.0,4.0,3.0,4.0,1.0,4.0,3.0,4.0,1.0,2.0,3.0,4.0,2.0,3.0,2.0,2.0,2.0,3.0,4.0,4.0,4.0,4.0,4.0,4.0,2.0,3.0,2.0,4.0,5.0,2.0,2.0,3.0,3.0,4.0,2.0,2.0,4.0,5.0,1.0,3.0,3.0,2.0,2.0,2.0,4.0,2.0,2.0,2.0,4.0,2.0,4.0,5.0,2.0,4.0,2.0,3.0,2.0,4.0,4.0,4.0,5.0,1.0,4.0,4.0,3.0,2.0,4.0,Prolific
19,Not Disclosed,71.0,Female,"18,35,29,30,23",18.0,35.0,29.0,30.0,23.0,5.0,5.0,5.0,5.0,5.0,5.0,5.0,5.0,5.0,5.0,5.0,5.0,4.0,5.0,4.0,4.0,5.0,5.0,5.0,4.0,4.0,5.0,5.0,5.0,5.0,5.0,5.0,4.0,5.0,3.0,5.0,5.0,5.0,5.0,5.0,5.0,5.0,5.0,5.0,5.0,5.0,5.0,5.0,5.0,5.0,5.0,5.0,5.0,5.0,5.0,5.0,5.0,5.0,5.0,5.0,5.0,5.0,5.0,5.0,5.0,5.0,5.0,4.0,5.0,5.0,4.0,5.0,5.0,5.0,5.0,5.0,4.0,4.0,5.0,4.0,5.0,5.0,1.0,5.0,5.0,5.0,5.0,5.0,5.0,5.0,5.0,5.0,4.0,5.0,5.0,3.0,3.0,3.0,3.0,5.0,3.0,2.0,2.0,1.0,2.0,3.0,2.0,3.0,3.0,4.0,3.0,4.0,3.0,2.0,3.0,Prolific
20,Not Disclosed,60.0,Female,"1,11,13,35,23",1.0,11.0,13.0,35.0,23.0,4.0,4.0,2.0,3.0,4.0,3.0,4.0,4.0,4.0,3.0,4.0,3.0,2.0,4.0,4.0,3.0,3.0,2.0,4.0,3.0,4.0,2.0,4.0,4.0,4.0,4.0,3.0,3.0,4.0,3.0,5.0,5.0,5.0,4.0,5.0,5.0,5.0,5.0,5.0,4.0,4.0,4.0,5.0,4.0,5.0,4.0,4.0,3.0,5.0,5.0,5.0,4.0,5.0,5.0,5.0,5.0,5.0,5.0,5.0,4.0,5.0,5.0,5.0,5.0,5.0,5.0,5.0,5.0,5.0,5.0,5.0,5.0,5.0,5.0,5.0,5.0,5.0,5.0,5.0,5.0,5.0,5.0,5.0,5.0,5.0,5.0,5.0,5.0,5.0,5.0,3.0,3.0,4.0,3.0,4.0,3.0,3.0,4.0,3.0,4.0,3.0,3.0,3.0,4.0,3.0,3.0,4.0,2.0,3.0,5.0,Prolific
21,Not Disclosed,32.0,Female,"7,9,13,18,23",7.0,9.0,13.0,18.0,23.0,5.0,5.0,5.0,5.0,5.0,5.0,5.0,5.0,5.0,5.0,5.0,3.0,4.0,5.0,5.0,3.0,3.0,3.0,5.0,4.0,5.0,5.0,3.0,4.0,5.0,5.0,5.0,5.0,5.0,4.0,5.0,4.0,5.0,5.0,5.0,5.0,5.0,5.0,5.0,4.0,5.0,2.0,4.0,4.0,4.0,4.0,4.0,3.0,5.0,4.0,5.0,5.0,5.0,4.0,5.0,4.0,5.0,3.0,5.0,4.0,5.0,5.0,5.0,5.0,5.0,5.0,5.0,4.0,5.0,5.0,5.0,3.0,4.0,5.0,4.0,3.0,4.0,3.0,4.0,4.0,5.0,5.0,5.0,4.0,5.0,5.0,5.0,4.0,5.0,4.0,2.0,4.0,4.0,4.0,5.0,4.0,4.0,2.0,3.0,3.0,4.0,4.0,2.0,4.0,3.0,3.0,4.0,3.0,4.0,3.0,Prolific
22,Not Disclosed,69.0,Female,"13,15,16,29,23",13.0,15.0,16.0,29.0,23.0,4.0,3.0,2.0,3.0,3.0,4.0,4.0,3.0,4.0,3.0,5.0,4.0,3.0,3.0,2.0,2.0,3.0,3.0,4.0,2.0,3.0,2.0,3.0,3.0,3.0,2.0,3.0,4.0,5.0,3.0,2.0,2.0,2.0,5.0,3.0,3.0,5.0,3.0,4.0,4.0,4.0,2.0,2.0,3.0,2.0,2.0,2.0,2.0,5.0,3.0,2.0,2.0,4.0,2.0,4.0,4.0,4.0,4.0,5.0,2.0,2.0,3.0,2.0,4.0,2.0,3.0,4.0,3.0,4.0,4.0,4.0,2.0,2.0,3.0,2.0,2.0,2.0,2.0,4.0,3.0,2.0,2.0,3.0,2.0,4.0,4.0,3.0,2.0,5.0,2.0,2.0,4.0,4.0,3.0,3.0,4.0,3.0,2.0,3.0,3.0,4.0,4.0,3.0,4.0,4.0,3.0,3.0,3.0,3.0,2.0,Prolific
23,Disclosed,62.0,Male,"4,17,19,28,36",4.0,17.0,19.0,28.0,36.0,5.0,5.0,5.0,5.0,5.0,5.0,5.0,5.0,5.0,5.0,5.0,4.0,5.0,5.0,5.0,4.0,5.0,5.0,5.0,5.0,5.0,4.0,5.0,5.0,5.0,5.0,5.0,2.0,5.0,5.0,5.0,5.0,5.0,5.0,5.0,5.0,5.0,5.0,5.0,5.0,5.0,5.0,4.0,5.0,5.0,4.0,5.0,5.0,5.0,5.0,5.0,4.0,5.0,5.0,5.0,5.0,5.0,5.0,5.0,5.0,5.0,5.0,5.0,5.0,5.0,5.0,5.0,5.0,5.0,4.0,5.0,4.0,5.0,5.0,5.0,4.0,4.0,5.0,5.0,5.0,5.0,4.0,5.0,5.0,4.0,5.0,5.0,2.0,5.0,3.0,2.0,3.0,3.0,3.0,3.0,3.0,1.0,4.0,3.0,3.0,3.0,3.0,2.0,3.0,3.0,3.0,3.0,2.0,3.0,3.0,Prolific
24,Not Disclosed,23.0,Male,"1,4,7,11,18",1.0,4.0,7.0,11.0,18.0,5.0,5.0,5.0,5.0,5.0,5.0,5.0,5.0,5.0,5.0,5.0,3.0,5.0,5.0,5.0,3.0,5.0,1.0,5.0,5.0,5.0,3.0,3.0,5.0,5.0,3.0,5.0,5.0,5.0,5.0,3.0,5.0,5.0,5.0,5.0,5.0,5.0,5.0,5.0,5.0,5.0,3.0,4.0,5.0,3.0,3.0,3.0,2.0,5.0,5.0,5.0,2.0,3.0,3.0,5.0,3.0,5.0,3.0,5.0,4.0,5.0,5.0,5.0,4.0,5.0,3.0,5.0,5.0,5.0,5.0,5.0,5.0,5.0,5.0,5.0,3.0,5.0,1.0,5.0,5.0,5.0,1.0,3.0,4.0,5.0,5.0,5.0,3.0,4.0,5.0,1.0,3.0,1.0,3.0,3.0,5.0,2.0,3.0,3.0,3.0,3.0,3.0,2.0,3.0,3.0,1.0,3.0,1.0,1.0,1.0,Prolific
25,Not Disclosed,54.0,Female,"1,11,15,35,29",1.0,11.0,15.0,35.0,29.0,5.0,4.0,4.0,5.0,4.0,5.0,5.0,4.0,3.0,3.0,3.0,1.0,3.0,2.0,5.0,3.0,4.0,1.0,5.0,4.0,5.0,3.0,3.0,3.0,4.0,3.0,3.0,4.0,4.0,2.0,5.0,3.0,2.0,4.0,4.0,4.0,5.0,5.0,5.0,4.0,5.0,2.0,3.0,4.0,4.0,3.0,3.0,2.0,5.0,4.0,3.0,4.0,4.0,3.0,5.0,4.0,4.0,4.0,4.0,3.0,5.0,3.0,2.0,4.0,4.0,4.0,5.0,4.0,5.0,3.0,4.0,2.0,3.0,3.0,3.0,3.0,3.0,3.0,5.0,3.0,4.0,3.0,4.0,2.0,5.0,3.0,5.0,3.0,4.0,3.0,1.0,3.0,5.0,1.0,3.0,4.0,2.0,4.0,3.0,4.0,3.0,3.0,2.0,3.0,4.0,2.0,2.0,2.0,4.0,4.0,Prolific
26,Not Disclosed,30.0,Female,"13,29,30,31,23",13.0,29.0,30.0,31.0,23.0,5.0,5.0,5.0,5.0,5.0,5.0,5.0,4.0,5.0,5.0,5.0,4.0,5.0,4.0,4.0,3.0,5.0,3.0,5.0,5.0,5.0,5.0,5.0,5.0,5.0,5.0,5.0,3.0,5.0,3.0,4.0,4.0,4.0,4.0,5.0,5.0,5.0,4.0,5.0,4.0,5.0,3.0,4.0,3.0,4.0,4.0,4.0,3.0,5.0,4.0,4.0,5.0,5.0,4.0,5.0,5.0,5.0,4.0,5.0,3.0,5.0,5.0,4.0,5.0,5.0,5.0,4.0,4.0,5.0,4.0,5.0,3.0,4.0,4.0,5.0,4.0,4.0,3.0,5.0,4.0,5.0,5.0,4.0,4.0,5.0,5.0,5.0,4.0,5.0,3.0,2.0,2.0,5.0,3.0,4.0,4.0,3.0,2.0,2.0,2.0,4.0,3.0,2.0,4.0,2.0,2.0,3.0,2.0,3.0,3.0,Prolific
27,Disclosed,33.0,Female,"12,15,19,22,25",12.0,15.0,19.0,22.0,25.0,4.0,5.0,4.0,4.0,5.0,5.0,5.0,5.0,4.0,4.0,5.0,4.0,5.0,5.0,4.0,4.0,4.0,4.0,5.0,5.0,4.0,5.0,4.0,5.0,5.0,4.0,5.0,5.0,4.0,4.0,5.0,5.0,4.0,4.0,5.0,4.0,4.0,4.0,5.0,4.0,5.0,5.0,5.0,4.0,5.0,5.0,5.0,4.0,4.0,3.0,4.0,4.0,5.0,5.0,4.0,4.0,4.0,5.0,5.0,4.0,4.0,4.0,4.0,4.0,5.0,5.0,5.0,5.0,5.0,4.0,5.0,4.0,5.0,4.0,4.0,5.0,5.0,4.0,4.0,4.0,5.0,4.0,5.0,4.0,4.0,4.0,4.0,5.0,4.0,4.0,4.0,5.0,5.0,5.0,4.0,5.0,5.0,5.0,4.0,4.0,5.0,4.0,4.0,4.0,4.0,5.0,5.0,4.0,4.0,4.0,Prolific
28,Disclosed,33.0,Male,"9,13,15,19,24",9.0,13.0,15.0,19.0,24.0,5.0,4.0,5.0,5.0,5.0,5.0,5.0,4.0,5.0,5.0,5.0,4.0,5.0,5.0,5.0,5.0,5.0,5.0,4.0,5.0,5.0,5.0,5.0,4.0,5.0,5.0,5.0,4.0,5.0,4.0,5.0,4.0,5.0,5.0,5.0,5.0,5.0,5.0,5.0,5.0,5.0,4.0,4.0,5.0,5.0,5.0,5.0,5.0,5.0,5.0,5.0,5.0,5.0,4.0,5.0,5.0,5.0,5.0,5.0,4.0,5.0,4.0,5.0,5.0,5.0,5.0,5.0,5.0,5.0,5.0,5.0,4.0,4.0,5.0,5.0,5.0,5.0,5.0,5.0,5.0,5.0,5.0,5.0,4.0,5.0,5.0,5.0,5.0,5.0,4.0,2.0,5.0,2.0,4.0,5.0,4.0,4.0,2.0,2.0,2.0,5.0,4.0,4.0,5.0,2.0,4.0,4.0,4.0,1.0,4.0,Prolific
29,Not Disclosed,41.0,Male,"12,14,16,19,20",12.0,14.0,16.0,19.0,20.0,2.0,4.0,2.0,5.0,4.0,4.0,4.0,5.0,4.0,4.0,5.0,2.0,4.0,4.0,4.0,2.0,2.0,4.0,4.0,4.0,5.0,5.0,5.0,1.0,5.0,5.0,5.0,2.0,5.0,4.0,5.0,4.0,4.0,5.0,5.0,5.0,5.0,5.0,5.0,5.0,5.0,5.0,5.0,5.0,5.0,5.0,5.0,5.0,5.0,5.0,5.0,5.0,5.0,5.0,5.0,5.0,5.0,2.0,5.0,5.0,5.0,5.0,2.0,5.0,5.0,5.0,5.0,5.0,5.0,5.0,5.0,1.0,4.0,5.0,4.0,2.0,4.0,2.0,5.0,5.0,4.0,5.0,5.0,1.0,5.0,5.0,5.0,1.0,5.0,5.0,5.0,5.0,2.0,5.0,5.0,2.0,5.0,1.0,4.0,2.0,5.0,5.0,5.0,5.0,1.0,5.0,5.0,5.0,4.0,2.0,Prolific
30,Not Disclosed,25.0,Female,"4,7,11,13,19",4.0,7.0,11.0,13.0,19.0,5.0,3.0,5.0,5.0,5.0,5.0,5.0,5.0,5.0,5.0,5.0,3.0,5.0,5.0,5.0,5.0,5.0,5.0,5.0,5.0,5.0,5.0,5.0,5.0,5.0,5.0,5.0,5.0,5.0,5.0,5.0,5.0,5.0,5.0,5.0,5.0,5.0,5.0,5.0,5.0,5.0,5.0,5.0,5.0,5.0,5.0,5.0,5.0,5.0,5.0,5.0,5.0,5.0,5.0,5.0,5.0,5.0,5.0,5.0,5.0,5.0,5.0,5.0,5.0,5.0,5.0,5.0,5.0,5.0,5.0,5.0,5.0,5.0,5.0,5.0,5.0,5.0,5.0,5.0,5.0,5.0,5.0,5.0,5.0,5.0,5.0,5.0,5.0,5.0,5.0,3.0,3.0,3.0,3.0,3.0,3.0,1.0,5.0,5.0,5.0,3.0,2.0,1.0,3.0,3.0,4.0,1.0,3.0,1.0,5.0,Prolific
31,Not Disclosed,58.0,Male,"6,13,15,21,30",6.0,13.0,15.0,21.0,30.0,3.0,4.0,3.0,5.0,4.0,4.0,4.0,4.0,4.0,4.0,5.0,2.0,3.0,3.0,4.0,3.0,5.0,2.0,4.0,4.0,4.0,2.0,3.0,5.0,4.0,5.0,5.0,4.0,3.0,3.0,4.0,5.0,4.0,5.0,5.0,5.0,5.0,5.0,5.0,5.0,5.0,3.0,5.0,4.0,4.0,4.0,5.0,3.0,5.0,4.0,5.0,4.0,4.0,5.0,5.0,5.0,5.0,4.0,4.0,4.0,4.0,5.0,4.0,5.0,4.0,4.0,4.0,4.0,5.0,4.0,4.0,3.0,3.0,4.0,4.0,4.0,5.0,3.0,4.0,4.0,4.0,3.0,4.0,5.0,5.0,5.0,5.0,5.0,4.0,4.0,2.0,3.0,4.0,2.0,3.0,3.0,2.0,4.0,4.0,4.0,3.0,3.0,3.0,4.0,5.0,3.0,3.0,3.0,4.0,4.0,Prolific
32,Not Disclosed,,Male,"20,35,27,28,32",20.0,35.0,27.0,28.0,32.0,1.0,1.0,1.0,1.0,1.0,1.0,1.0,1.0,1.0,1.0,1.0,1.0,1.0,1.0,1.0,1.0,1.0,1.0,1.0,1.0,1.0,1.0,1.0,1.0,1.0,1.0,1.0,1.0,1.0,1.0,1.0,1.0,1.0,1.0,1.0,1.0,1.0,1.0,1.0,1.0,1.0,1.0,1.0,1.0,1.0,1.0,1.0,1.0,1.0,1.0,1.0,1.0,1.0,1.0,1.0,1.0,1.0,1.0,1.0,1.0,1.0,1.0,1.0,1.0,1.0,1.0,1.0,1.0,1.0,1.0,1.0,1.0,1.0,1.0,1.0,1.0,1.0,1.0,1.0,1.0,1.0,1.0,1.0,1.0,1.0,1.0,1.0,1.0,1.0,1.0,5.0,5.0,1.0,5.0,5.0,1.0,5.0,1.0,1.0,1.0,5.0,5.0,5.0,5.0,1.0,5.0,5.0,5.0,1.0,1.0,Prolific
33,Not Disclosed,51.0,Male,"7,11,13,16,19",7.0,11.0,13.0,16.0,19.0,4.0,3.0,3.0,3.0,4.0,4.0,4.0,4.0,4.0,3.0,4.0,4.0,4.0,4.0,4.0,2.0,4.0,2.0,4.0,3.0,4.0,2.0,2.0,3.0,4.0,2.0,3.0,4.0,2.0,3.0,4.0,3.0,3.0,4.0,4.0,4.0,4.0,4.0,4.0,4.0,4.0,4.0,4.0,4.0,4.0,3.0,3.0,2.0,4.0,2.0,4.0,2.0,3.0,3.0,4.0,2.0,3.0,4.0,2.0,2.0,5.0,3.0,3.0,4.0,5.0,4.0,4.0,5.0,4.0,3.0,4.0,4.0,3.0,4.0,5.0,2.0,4.0,2.0,5.0,3.0,4.0,2.0,3.0,2.0,4.0,2.0,5.0,4.0,2.0,2.0,3.0,3.0,3.0,4.0,4.0,2.0,4.0,3.0,4.0,3.0,4.0,4.0,3.0,5.0,3.0,4.0,3.0,4.0,3.0,3.0,Prolific
34,Not Disclosed,43.0,Male,"5,16,19,24,28",5.0,16.0,19.0,24.0,28.0,1.0,1.0,1.0,1.0,1.0,1.0,1.0,1.0,1.0,1.0,1.0,1.0,1.0,1.0,1.0,1.0,1.0,1.0,1.0,1.0,1.0,1.0,1.0,1.0,1.0,1.0,1.0,1.0,1.0,1.0,1.0,1.0,1.0,1.0,1.0,1.0,1.0,1.0,1.0,1.0,1.0,1.0,1.0,1.0,1.0,1.0,1.0,1.0,1.0,1.0,1.0,1.0,1.0,1.0,1.0,1.0,1.0,1.0,1.0,1.0,1.0,1.0,1.0,1.0,1.0,1.0,1.0,1.0,1.0,1.0,1.0,1.0,1.0,1.0,1.0,1.0,1.0,1.0,1.0,1.0,1.0,1.0,1.0,1.0,1.0,1.0,1.0,1.0,1.0,1.0,4.0,5.0,1.0,5.0,5.0,2.0,5.0,1.0,1.0,1.0,5.0,5.0,3.0,5.0,1.0,4.0,5.0,5.0,1.0,1.0,Prolific
35,Not Disclosed,30.0,Male,"6,9,13,31,23",6.0,9.0,13.0,31.0,23.0,3.0,4.0,2.0,4.0,5.0,5.0,5.0,5.0,5.0,2.0,2.0,4.0,5.0,5.0,5.0,4.0,3.0,2.0,5.0,2.0,2.0,2.0,4.0,4.0,4.0,4.0,5.0,2.0,5.0,5.0,4.0,4.0,3.0,4.0,4.0,4.0,5.0,4.0,5.0,2.0,2.0,2.0,3.0,4.0,4.0,4.0,2.0,1.0,4.0,2.0,3.0,5.0,2.0,4.0,4.0,1.0,4.0,2.0,3.0,2.0,1.0,5.0,3.0,5.0,2.0,4.0,3.0,4.0,5.0,2.0,4.0,2.0,5.0,4.0,5.0,3.0,2.0,1.0,5.0,3.0,2.0,2.0,2.0,3.0,2.0,1.0,4.0,2.0,5.0,3.0,3.0,4.0,3.0,3.0,5.0,4.0,4.0,2.0,4.0,3.0,4.0,4.0,2.0,5.0,2.0,4.0,4.0,4.0,3.0,3.0,Prolific
36,Disclosed,59.0,Male,"6,13,18,30,31",6.0,13.0,18.0,30.0,31.0,2.0,5.0,4.0,5.0,4.0,4.0,4.0,3.0,5.0,4.0,5.0,1.0,2.0,4.0,2.0,2.0,5.0,5.0,4.0,4.0,4.0,4.0,4.0,5.0,4.0,5.0,5.0,4.0,5.0,2.0,4.0,5.0,5.0,5.0,5.0,5.0,5.0,4.0,5.0,2.0,4.0,2.0,5.0,4.0,2.0,2.0,5.0,4.0,5.0,5.0,4.0,5.0,5.0,5.0,5.0,5.0,5.0,4.0,5.0,5.0,5.0,5.0,5.0,5.0,5.0,5.0,5.0,4.0,5.0,4.0,5.0,2.0,4.0,4.0,5.0,2.0,5.0,2.0,5.0,4.0,5.0,5.0,5.0,5.0,5.0,5.0,5.0,5.0,5.0,5.0,2.0,2.0,5.0,1.0,2.0,5.0,1.0,5.0,5.0,4.0,2.0,2.0,4.0,4.0,5.0,4.0,4.0,2.0,5.0,5.0,Prolific
37,Not Disclosed,31.0,Female,"7,9,11,13,24",7.0,9.0,11.0,13.0,24.0,5.0,5.0,4.0,5.0,5.0,5.0,5.0,5.0,5.0,5.0,5.0,3.0,5.0,5.0,4.0,4.0,5.0,3.0,5.0,5.0,5.0,5.0,5.0,5.0,5.0,5.0,5.0,4.0,5.0,5.0,4.0,2.0,2.0,5.0,4.0,4.0,5.0,5.0,5.0,4.0,5.0,2.0,2.0,4.0,4.0,3.0,4.0,1.0,5.0,4.0,4.0,4.0,5.0,2.0,5.0,3.0,4.0,3.0,5.0,3.0,5.0,5.0,3.0,5.0,5.0,5.0,5.0,5.0,5.0,5.0,5.0,3.0,5.0,5.0,5.0,5.0,5.0,3.0,5.0,5.0,5.0,5.0,5.0,5.0,5.0,5.0,5.0,5.0,5.0,5.0,3.0,4.0,4.0,3.0,5.0,4.0,4.0,2.0,2.0,3.0,4.0,4.0,3.0,4.0,3.0,4.0,4.0,3.0,2.0,3.0,Prolific
38,Disclosed,35.0,Female,"19,20,26,27,31",19.0,20.0,26.0,27.0,31.0,5.0,4.0,2.0,5.0,5.0,5.0,5.0,4.0,5.0,5.0,5.0,1.0,2.0,4.0,4.0,4.0,5.0,3.0,4.0,5.0,5.0,5.0,4.0,1.0,4.0,5.0,5.0,5.0,5.0,5.0,4.0,5.0,5.0,5.0,4.0,5.0,5.0,5.0,5.0,5.0,5.0,5.0,4.0,5.0,5.0,4.0,5.0,4.0,5.0,4.0,5.0,5.0,4.0,3.0,5.0,5.0,5.0,5.0,5.0,3.0,5.0,4.0,4.0,4.0,5.0,5.0,5.0,5.0,5.0,5.0,5.0,4.0,2.0,4.0,5.0,4.0,5.0,5.0,5.0,5.0,5.0,5.0,5.0,4.0,5.0,5.0,5.0,5.0,5.0,5.0,4.0,4.0,2.0,4.0,4.0,1.0,4.0,3.0,4.0,4.0,3.0,4.0,5.0,3.0,4.0,4.0,4.0,3.0,2.0,3.0,Prolific
39,Not Disclosed,64.0,Male,"7,9,15,18,30",7.0,9.0,15.0,18.0,30.0,5.0,5.0,5.0,5.0,5.0,5.0,5.0,5.0,5.0,1.0,5.0,4.0,3.0,5.0,5.0,1.0,1.0,3.0,5.0,5.0,5.0,1.0,5.0,5.0,5.0,5.0,5.0,5.0,1.0,1.0,5.0,5.0,5.0,5.0,5.0,5.0,5.0,5.0,5.0,3.0,5.0,2.0,4.0,5.0,5.0,5.0,4.0,1.0,5.0,5.0,5.0,2.0,5.0,5.0,5.0,5.0,5.0,5.0,1.0,5.0,5.0,3.0,3.0,5.0,5.0,5.0,5.0,5.0,5.0,4.0,5.0,4.0,5.0,5.0,5.0,3.0,3.0,4.0,5.0,5.0,5.0,3.0,5.0,5.0,5.0,5.0,5.0,3.0,4.0,5.0,5.0,5.0,3.0,5.0,5.0,3.0,5.0,2.0,4.0,4.0,5.0,5.0,4.0,5.0,1.0,5.0,5.0,5.0,1.0,3.0,Prolific
40,Disclosed,57.0,Male,"7,35,25,29,31",7.0,35.0,25.0,29.0,31.0,2.0,2.0,2.0,4.0,4.0,4.0,5.0,4.0,4.0,1.0,4.0,1.0,2.0,2.0,5.0,2.0,2.0,2.0,5.0,2.0,4.0,2.0,2.0,2.0,5.0,5.0,5.0,2.0,1.0,2.0,4.0,2.0,2.0,5.0,5.0,5.0,5.0,5.0,4.0,4.0,5.0,2.0,4.0,4.0,5.0,2.0,2.0,2.0,5.0,4.0,2.0,2.0,4.0,4.0,5.0,5.0,4.0,2.0,1.0,2.0,5.0,4.0,4.0,5.0,5.0,5.0,5.0,5.0,5.0,5.0,5.0,2.0,5.0,5.0,5.0,2.0,3.0,2.0,5.0,5.0,4.0,4.0,5.0,4.0,5.0,5.0,5.0,4.0,5.0,5.0,2.0,2.0,2.0,3.0,1.0,5.0,1.0,3.0,4.0,4.0,4.0,1.0,2.0,4.0,4.0,2.0,2.0,2.0,4.0,2.0,Prolific
41,Disclosed,57.0,Female,"6,13,19,35,25",6.0,13.0,19.0,35.0,25.0,5.0,2.0,5.0,5.0,5.0,5.0,5.0,4.0,5.0,2.0,5.0,1.0,2.0,2.0,5.0,1.0,2.0,1.0,5.0,4.0,5.0,1.0,3.0,5.0,5.0,4.0,5.0,1.0,1.0,2.0,4.0,4.0,5.0,4.0,5.0,5.0,5.0,5.0,5.0,3.0,5.0,1.0,4.0,5.0,4.0,4.0,2.0,1.0,5.0,5.0,5.0,1.0,1.0,5.0,4.0,4.0,4.0,2.0,1.0,2.0,5.0,5.0,5.0,5.0,5.0,5.0,5.0,5.0,5.0,5.0,5.0,2.0,4.0,4.0,5.0,1.0,2.0,1.0,5.0,5.0,5.0,1.0,3.0,4.0,5.0,5.0,5.0,2.0,4.0,4.0,2.0,4.0,3.0,1.0,5.0,4.0,4.0,1.0,1.0,1.0,4.0,4.0,2.0,5.0,1.0,3.0,4.0,3.0,3.0,4.0,Prolific
42,Not Disclosed,49.0,Female,"9,11,19,30,31",9.0,11.0,19.0,30.0,31.0,4.0,2.0,2.0,5.0,5.0,5.0,5.0,4.0,4.0,2.0,5.0,2.0,2.0,2.0,4.0,3.0,4.0,2.0,5.0,4.0,4.0,2.0,4.0,2.0,4.0,5.0,5.0,2.0,3.0,1.0,5.0,4.0,3.0,5.0,5.0,5.0,5.0,5.0,5.0,4.0,5.0,2.0,2.0,5.0,4.0,5.0,5.0,1.0,5.0,4.0,4.0,4.0,5.0,4.0,5.0,5.0,5.0,2.0,4.0,3.0,5.0,4.0,4.0,5.0,5.0,5.0,5.0,4.0,5.0,5.0,5.0,2.0,2.0,4.0,4.0,2.0,4.0,2.0,5.0,5.0,5.0,4.0,5.0,5.0,5.0,5.0,5.0,4.0,3.0,4.0,1.0,4.0,3.0,3.0,4.0,4.0,2.0,2.0,3.0,4.0,4.0,4.0,4.0,4.0,5.0,3.0,4.0,2.0,4.0,3.0,Prolific
43,Disclosed,25.0,Female,"4,9,18,21,31",4.0,9.0,18.0,21.0,31.0,5.0,5.0,5.0,5.0,5.0,5.0,5.0,4.0,5.0,5.0,5.0,5.0,5.0,5.0,4.0,4.0,5.0,4.0,5.0,5.0,5.0,5.0,4.0,4.0,4.0,4.0,5.0,5.0,4.0,4.0,5.0,5.0,4.0,5.0,4.0,5.0,5.0,5.0,5.0,5.0,5.0,4.0,5.0,5.0,4.0,4.0,4.0,4.0,5.0,4.0,5.0,5.0,5.0,5.0,4.0,4.0,5.0,4.0,5.0,4.0,5.0,4.0,4.0,5.0,5.0,5.0,5.0,5.0,5.0,5.0,5.0,4.0,5.0,4.0,5.0,4.0,5.0,5.0,5.0,4.0,5.0,5.0,4.0,4.0,4.0,4.0,5.0,4.0,5.0,4.0,5.0,5.0,4.0,5.0,4.0,5.0,5.0,4.0,4.0,4.0,5.0,5.0,4.0,4.0,5.0,4.0,5.0,4.0,5.0,4.0,Prolific
44,Disclosed,40.0,Male,"9,13,24,29,23",9.0,13.0,24.0,29.0,23.0,4.0,4.0,4.0,4.0,4.0,4.0,4.0,4.0,5.0,4.0,4.0,4.0,4.0,4.0,4.0,4.0,4.0,4.0,5.0,4.0,4.0,4.0,4.0,4.0,5.0,4.0,4.0,4.0,4.0,4.0,5.0,5.0,5.0,5.0,5.0,5.0,5.0,5.0,5.0,5.0,5.0,5.0,5.0,5.0,5.0,4.0,5.0,4.0,5.0,5.0,5.0,5.0,5.0,5.0,5.0,5.0,5.0,5.0,5.0,5.0,5.0,5.0,5.0,5.0,5.0,5.0,5.0,5.0,5.0,5.0,5.0,5.0,5.0,5.0,5.0,5.0,4.0,4.0,5.0,5.0,5.0,5.0,5.0,4.0,5.0,5.0,5.0,5.0,5.0,5.0,4.0,4.0,3.0,4.0,4.0,2.0,4.0,2.0,2.0,2.0,4.0,4.0,4.0,4.0,2.0,3.0,4.0,4.0,2.0,4.0,Prolific
45,Not Disclosed,55.0,Female,"9,13,22,35,24",9.0,13.0,22.0,35.0,24.0,5.0,4.0,2.0,5.0,5.0,5.0,5.0,5.0,5.0,3.0,5.0,1.0,3.0,4.0,4.0,2.0,4.0,4.0,5.0,4.0,4.0,2.0,4.0,2.0,5.0,5.0,5.0,2.0,4.0,1.0,4.0,4.0,4.0,5.0,4.0,5.0,5.0,4.0,5.0,3.0,5.0,2.0,4.0,4.0,5.0,2.0,4.0,2.0,5.0,5.0,5.0,2.0,4.0,4.0,5.0,4.0,5.0,2.0,4.0,2.0,5.0,3.0,2.0,5.0,5.0,5.0,5.0,4.0,5.0,3.0,5.0,1.0,4.0,4.0,4.0,2.0,4.0,4.0,5.0,4.0,5.0,2.0,4.0,4.0,5.0,4.0,5.0,2.0,4.0,2.0,2.0,4.0,3.0,3.0,4.0,4.0,2.0,2.0,4.0,2.0,4.0,4.0,3.0,4.0,4.0,4.0,2.0,2.0,3.0,4.0,Prolific
46,Not Disclosed,69.0,Female,"4,11,25,29,23",4.0,11.0,25.0,29.0,23.0,3.0,3.0,5.0,5.0,5.0,4.0,5.0,5.0,5.0,5.0,3.0,3.0,4.0,3.0,5.0,5.0,4.0,2.0,4.0,4.0,5.0,2.0,3.0,5.0,4.0,2.0,5.0,3.0,4.0,3.0,4.0,5.0,5.0,5.0,5.0,5.0,5.0,4.0,5.0,3.0,5.0,4.0,5.0,5.0,4.0,4.0,3.0,3.0,5.0,4.0,4.0,3.0,3.0,4.0,5.0,2.0,5.0,3.0,5.0,4.0,4.0,5.0,4.0,5.0,4.0,4.0,4.0,4.0,4.0,5.0,5.0,4.0,5.0,4.0,5.0,3.0,5.0,2.0,4.0,4.0,4.0,2.0,4.0,4.0,5.0,3.0,5.0,3.0,5.0,4.0,1.0,3.0,3.0,1.0,2.0,4.0,1.0,4.0,4.0,4.0,2.0,1.0,1.0,2.0,4.0,2.0,2.0,1.0,3.0,3.0,Prolific
47,Disclosed,24.0,Female,"9,11,14,17,29",9.0,11.0,14.0,17.0,29.0,5.0,5.0,5.0,5.0,5.0,5.0,5.0,5.0,5.0,5.0,5.0,5.0,5.0,5.0,5.0,4.0,5.0,5.0,5.0,5.0,5.0,5.0,5.0,5.0,5.0,5.0,5.0,5.0,4.0,5.0,5.0,5.0,5.0,5.0,5.0,5.0,5.0,5.0,5.0,5.0,5.0,5.0,5.0,5.0,5.0,4.0,5.0,5.0,5.0,5.0,5.0,5.0,5.0,5.0,5.0,5.0,5.0,5.0,5.0,5.0,5.0,5.0,5.0,5.0,5.0,5.0,5.0,5.0,5.0,5.0,5.0,4.0,5.0,5.0,5.0,4.0,4.0,5.0,5.0,5.0,5.0,5.0,5.0,5.0,5.0,5.0,5.0,4.0,5.0,5.0,2.0,4.0,2.0,3.0,5.0,3.0,4.0,3.0,4.0,4.0,5.0,5.0,4.0,4.0,3.0,4.0,4.0,3.0,2.0,3.0,Prolific
48,Disclosed,38.0,Female,"11,35,29,30,23",11.0,35.0,29.0,30.0,23.0,5.0,5.0,3.0,5.0,5.0,5.0,5.0,5.0,5.0,5.0,5.0,2.0,4.0,5.0,5.0,2.0,4.0,4.0,5.0,4.0,4.0,5.0,5.0,3.0,5.0,5.0,5.0,2.0,5.0,2.0,5.0,3.0,3.0,5.0,5.0,5.0,5.0,5.0,5.0,4.0,4.0,3.0,3.0,3.0,4.0,3.0,4.0,2.0,5.0,4.0,5.0,5.0,5.0,4.0,5.0,4.0,5.0,4.0,5.0,2.0,5.0,2.0,4.0,5.0,5.0,5.0,5.0,5.0,5.0,5.0,5.0,2.0,2.0,5.0,5.0,3.0,4.0,4.0,5.0,4.0,5.0,5.0,5.0,3.0,5.0,5.0,5.0,2.0,5.0,4.0,4.0,3.0,2.0,4.0,4.0,2.0,4.0,1.0,1.0,1.0,5.0,4.0,2.0,5.0,1.0,4.0,3.0,2.0,3.0,2.0,Prolific
49,Disclosed,64.0,Female,"6,9,24,31,23",6.0,9.0,24.0,31.0,23.0,2.0,5.0,4.0,5.0,2.0,5.0,4.0,2.0,5.0,2.0,5.0,1.0,1.0,1.0,2.0,2.0,5.0,4.0,3.0,1.0,4.0,3.0,3.0,4.0,4.0,4.0,5.0,1.0,5.0,4.0,2.0,2.0,2.0,5.0,5.0,2.0,5.0,2.0,5.0,4.0,5.0,2.0,3.0,2.0,4.0,4.0,4.0,2.0,5.0,4.0,4.0,3.0,4.0,4.0,4.0,4.0,5.0,2.0,5.0,4.0,2.0,1.0,2.0,5.0,2.0,2.0,5.0,2.0,4.0,1.0,5.0,1.0,1.0,2.0,2.0,2.0,2.0,1.0,4.0,4.0,4.0,3.0,2.0,2.0,2.0,4.0,5.0,1.0,5.0,2.0,1.0,2.0,3.0,3.0,3.0,2.0,2.0,5.0,1.0,5.0,4.0,1.0,1.0,4.0,5.0,4.0,2.0,1.0,1.0,4.0,Prolific
50,Disclosed,43.0,Female,"1,6,15,35,25",1.0,6.0,15.0,35.0,25.0,4.0,5.0,5.0,5.0,5.0,5.0,5.0,5.0,5.0,5.0,5.0,3.0,4.0,3.0,5.0,3.0,4.0,3.0,5.0,5.0,5.0,3.0,5.0,4.0,5.0,4.0,5.0,5.0,3.0,5.0,4.0,4.0,5.0,5.0,5.0,5.0,5.0,5.0,5.0,5.0,5.0,2.0,5.0,4.0,4.0,4.0,4.0,2.0,5.0,5.0,5.0,4.0,4.0,3.0,5.0,4.0,5.0,2.0,4.0,4.0,5.0,5.0,5.0,5.0,5.0,5.0,5.0,5.0,5.0,5.0,5.0,2.0,5.0,5.0,5.0,5.0,5.0,4.0,5.0,5.0,5.0,4.0,5.0,5.0,4.0,4.0,5.0,5.0,5.0,5.0,2.0,2.0,4.0,3.0,5.0,4.0,4.0,3.0,4.0,4.0,4.0,4.0,2.0,4.0,3.0,4.0,3.0,2.0,4.0,4.0,Prolific
51,Not Disclosed,31.0,Male,"15,17,35,29,30",15.0,17.0,35.0,29.0,30.0,5.0,5.0,5.0,5.0,5.0,5.0,5.0,5.0,5.0,5.0,5.0,4.0,5.0,5.0,5.0,5.0,5.0,5.0,5.0,5.0,2.0,5.0,5.0,5.0,5.0,5.0,5.0,5.0,5.0,5.0,5.0,5.0,5.0,5.0,5.0,5.0,5.0,5.0,5.0,5.0,5.0,4.0,5.0,5.0,5.0,5.0,5.0,4.0,5.0,5.0,5.0,3.0,4.0,5.0,5.0,5.0,5.0,5.0,5.0,5.0,5.0,5.0,5.0,5.0,5.0,5.0,5.0,5.0,5.0,5.0,5.0,5.0,5.0,5.0,5.0,5.0,5.0,5.0,5.0,5.0,5.0,3.0,5.0,5.0,5.0,5.0,5.0,5.0,4.0,5.0,1.0,4.0,4.0,2.0,4.0,4.0,2.0,3.0,1.0,2.0,2.0,4.0,1.0,4.0,5.0,2.0,2.0,1.0,2.0,2.0,Prolific
52,Not Disclosed,38.0,Male,"6,9,13,15,31",6.0,9.0,13.0,15.0,31.0,5.0,5.0,4.0,5.0,5.0,5.0,5.0,5.0,5.0,5.0,5.0,4.0,5.0,5.0,5.0,4.0,4.0,1.0,5.0,5.0,5.0,1.0,5.0,4.0,5.0,5.0,5.0,1.0,5.0,1.0,5.0,4.0,4.0,5.0,5.0,5.0,5.0,5.0,5.0,5.0,5.0,5.0,2.0,5.0,4.0,5.0,4.0,1.0,5.0,5.0,5.0,1.0,5.0,5.0,5.0,5.0,5.0,2.0,5.0,1.0,5.0,5.0,5.0,5.0,5.0,5.0,5.0,5.0,5.0,5.0,5.0,4.0,5.0,5.0,5.0,5.0,4.0,2.0,5.0,5.0,5.0,1.0,5.0,5.0,5.0,5.0,5.0,2.0,5.0,1.0,3.0,4.0,5.0,4.0,5.0,5.0,4.0,3.0,2.0,4.0,5.0,4.0,2.0,5.0,2.0,2.0,3.0,3.0,1.0,5.0,Prolific
53,Not Disclosed,42.0,Female,"4,11,15,16,35",4.0,11.0,15.0,16.0,35.0,3.0,4.0,1.0,4.0,5.0,5.0,4.0,4.0,4.0,4.0,4.0,2.0,2.0,2.0,4.0,1.0,2.0,2.0,4.0,1.0,3.0,1.0,1.0,4.0,4.0,4.0,4.0,1.0,3.0,1.0,4.0,5.0,2.0,5.0,2.0,5.0,5.0,4.0,5.0,4.0,4.0,2.0,4.0,3.0,3.0,4.0,3.0,1.0,4.0,4.0,4.0,4.0,4.0,4.0,4.0,5.0,4.0,5.0,2.0,3.0,2.0,4.0,1.0,4.0,4.0,4.0,4.0,3.0,4.0,4.0,4.0,1.0,3.0,2.0,2.0,1.0,1.0,1.0,4.0,2.0,2.0,1.0,4.0,1.0,5.0,4.0,4.0,2.0,4.0,1.0,3.0,4.0,1.0,3.0,4.0,4.0,4.0,1.0,1.0,1.0,3.0,4.0,4.0,5.0,1.0,2.0,4.0,3.0,2.0,3.0,Prolific
54,Disclosed,35.0,Female,"6,9,18,19,35",6.0,9.0,18.0,19.0,35.0,3.0,4.0,3.0,5.0,4.0,4.0,4.0,3.0,4.0,3.0,4.0,3.0,4.0,4.0,4.0,3.0,2.0,3.0,4.0,2.0,4.0,2.0,3.0,2.0,4.0,4.0,5.0,2.0,3.0,1.0,2.0,2.0,2.0,4.0,3.0,4.0,4.0,3.0,4.0,3.0,4.0,2.0,2.0,2.0,2.0,2.0,3.0,2.0,4.0,2.0,4.0,2.0,2.0,2.0,4.0,4.0,4.0,1.0,2.0,1.0,4.0,4.0,4.0,5.0,4.0,4.0,5.0,4.0,4.0,4.0,4.0,2.0,4.0,4.0,4.0,4.0,3.0,3.0,5.0,3.0,4.0,4.0,3.0,4.0,5.0,5.0,5.0,4.0,4.0,3.0,1.0,3.0,4.0,3.0,3.0,4.0,1.0,3.0,4.0,4.0,4.0,2.0,1.0,4.0,4.0,3.0,2.0,1.0,4.0,5.0,Prolific
55,Disclosed,32.0,Male,"1,5,19,25,29",1.0,5.0,19.0,25.0,29.0,3.0,2.0,3.0,3.0,2.0,3.0,3.0,4.0,3.0,3.0,3.0,2.0,3.0,3.0,4.0,4.0,4.0,4.0,3.0,4.0,3.0,2.0,4.0,3.0,2.0,4.0,3.0,2.0,3.0,2.0,4.0,3.0,2.0,3.0,3.0,3.0,3.0,2.0,3.0,2.0,2.0,4.0,2.0,2.0,4.0,3.0,3.0,4.0,3.0,3.0,3.0,3.0,3.0,3.0,4.0,4.0,3.0,3.0,3.0,3.0,3.0,2.0,3.0,3.0,3.0,2.0,2.0,3.0,2.0,3.0,3.0,2.0,2.0,3.0,4.0,3.0,3.0,4.0,3.0,3.0,3.0,4.0,3.0,3.0,3.0,3.0,2.0,2.0,2.0,3.0,3.0,2.0,3.0,4.0,3.0,4.0,3.0,3.0,3.0,3.0,2.0,3.0,3.0,3.0,3.0,4.0,3.0,3.0,4.0,4.0,Prolific
56,Disclosed,23.0,Female,"6,7,11,13,29",6.0,7.0,11.0,13.0,29.0,4.0,4.0,3.0,4.0,4.0,4.0,4.0,4.0,4.0,4.0,4.0,2.0,3.0,3.0,4.0,4.0,4.0,3.0,4.0,3.0,4.0,4.0,4.0,4.0,4.0,4.0,3.0,4.0,4.0,4.0,4.0,3.0,3.0,3.0,3.0,4.0,4.0,4.0,4.0,4.0,4.0,2.0,3.0,3.0,3.0,3.0,4.0,4.0,4.0,3.0,4.0,4.0,4.0,4.0,4.0,3.0,3.0,3.0,4.0,3.0,4.0,4.0,4.0,4.0,4.0,4.0,4.0,4.0,4.0,4.0,4.0,3.0,4.0,4.0,4.0,4.0,4.0,4.0,4.0,4.0,4.0,4.0,4.0,4.0,4.0,4.0,4.0,4.0,4.0,4.0,3.0,3.0,3.0,4.0,4.0,3.0,3.0,2.0,3.0,3.0,3.0,4.0,3.0,4.0,2.0,3.0,3.0,3.0,4.0,3.0,Prolific
57,Disclosed,38.0,Female,"22,24,25,26,31",22.0,24.0,25.0,26.0,31.0,5.0,5.0,4.0,4.0,5.0,5.0,3.0,4.0,3.0,5.0,5.0,5.0,5.0,4.0,5.0,2.0,5.0,5.0,5.0,5.0,3.0,3.0,4.0,4.0,5.0,3.0,4.0,4.0,5.0,3.0,3.0,5.0,4.0,3.0,4.0,3.0,4.0,3.0,4.0,4.0,4.0,4.0,4.0,4.0,3.0,3.0,3.0,4.0,4.0,4.0,4.0,4.0,5.0,4.0,5.0,4.0,3.0,4.0,3.0,4.0,3.0,5.0,5.0,4.0,4.0,4.0,4.0,5.0,5.0,4.0,4.0,4.0,4.0,4.0,4.0,4.0,4.0,5.0,5.0,5.0,5.0,4.0,5.0,5.0,4.0,4.0,4.0,5.0,4.0,5.0,2.0,3.0,3.0,3.0,4.0,4.0,3.0,3.0,2.0,3.0,4.0,4.0,1.0,5.0,3.0,2.0,4.0,3.0,4.0,4.0,Prolific
58,Not Disclosed,33.0,Female,"9,19,22,28,29",9.0,19.0,22.0,28.0,29.0,4.0,4.0,4.0,3.0,4.0,5.0,5.0,5.0,5.0,3.0,4.0,2.0,4.0,3.0,3.0,2.0,4.0,5.0,4.0,5.0,4.0,5.0,4.0,5.0,5.0,4.0,4.0,3.0,5.0,5.0,5.0,2.0,5.0,4.0,4.0,5.0,5.0,4.0,5.0,3.0,3.0,2.0,3.0,2.0,4.0,3.0,2.0,1.0,5.0,5.0,4.0,5.0,5.0,5.0,5.0,4.0,4.0,4.0,5.0,4.0,4.0,5.0,4.0,4.0,5.0,5.0,5.0,5.0,5.0,2.0,5.0,2.0,4.0,4.0,4.0,1.0,4.0,3.0,5.0,5.0,5.0,4.0,4.0,5.0,5.0,5.0,4.0,4.0,5.0,3.0,4.0,3.0,3.0,3.0,5.0,2.0,1.0,5.0,3.0,3.0,4.0,2.0,2.0,4.0,5.0,3.0,3.0,1.0,1.0,4.0,Prolific
59,Not Disclosed,30.0,Male,"6,11,15,35,24",6.0,11.0,15.0,35.0,24.0,5.0,5.0,5.0,5.0,5.0,5.0,5.0,5.0,5.0,5.0,5.0,4.0,5.0,5.0,5.0,5.0,5.0,3.0,5.0,5.0,5.0,5.0,5.0,5.0,5.0,5.0,5.0,5.0,5.0,5.0,5.0,5.0,5.0,5.0,5.0,5.0,5.0,5.0,5.0,3.0,5.0,3.0,3.0,5.0,5.0,4.0,5.0,3.0,5.0,5.0,5.0,5.0,4.0,5.0,4.0,4.0,5.0,4.0,5.0,4.0,5.0,5.0,5.0,5.0,5.0,5.0,5.0,5.0,5.0,5.0,5.0,4.0,5.0,4.0,5.0,5.0,5.0,3.0,5.0,5.0,5.0,5.0,5.0,5.0,5.0,5.0,5.0,5.0,5.0,5.0,3.0,4.0,1.0,5.0,5.0,1.0,5.0,1.0,2.0,1.0,5.0,5.0,3.0,5.0,1.0,3.0,5.0,3.0,1.0,1.0,Prolific
60,Disclosed,34.0,Male,"4,6,9,11,35",4.0,6.0,9.0,11.0,35.0,4.0,4.0,5.0,5.0,4.0,5.0,5.0,4.0,5.0,5.0,5.0,3.0,4.0,4.0,5.0,2.0,1.0,2.0,5.0,3.0,4.0,2.0,4.0,4.0,4.0,3.0,5.0,2.0,1.0,1.0,4.0,3.0,4.0,5.0,5.0,4.0,5.0,4.0,3.0,4.0,5.0,2.0,3.0,5.0,5.0,3.0,3.0,2.0,5.0,5.0,4.0,2.0,5.0,4.0,4.0,3.0,5.0,3.0,2.0,1.0,4.0,3.0,5.0,5.0,5.0,4.0,5.0,4.0,4.0,4.0,5.0,3.0,3.0,3.0,4.0,3.0,2.0,2.0,5.0,4.0,4.0,2.0,4.0,4.0,4.0,4.0,5.0,2.0,2.0,2.0,1.0,1.0,3.0,1.0,5.0,2.0,1.0,3.0,2.0,4.0,2.0,3.0,1.0,3.0,2.0,3.0,3.0,1.0,1.0,4.0,Prolific
61,Not Disclosed,32.0,Female,"5,7,11,12,19",5.0,7.0,11.0,12.0,19.0,5.0,4.0,4.0,4.0,4.0,4.0,4.0,4.0,5.0,4.0,3.0,3.0,4.0,4.0,5.0,5.0,4.0,1.0,5.0,4.0,2.0,5.0,3.0,3.0,4.0,5.0,4.0,5.0,3.0,4.0,5.0,5.0,5.0,5.0,4.0,4.0,3.0,4.0,4.0,3.0,4.0,4.0,4.0,5.0,4.0,5.0,4.0,1.0,5.0,4.0,4.0,5.0,4.0,4.0,4.0,4.0,4.0,3.0,3.0,4.0,5.0,4.0,5.0,5.0,4.0,5.0,4.0,5.0,4.0,3.0,5.0,3.0,5.0,4.0,5.0,4.0,3.0,2.0,3.0,5.0,5.0,4.0,4.0,3.0,3.0,5.0,5.0,3.0,4.0,4.0,3.0,4.0,4.0,4.0,5.0,2.0,3.0,1.0,4.0,3.0,5.0,3.0,4.0,4.0,4.0,2.0,1.0,4.0,3.0,5.0,Prolific
62,Disclosed,49.0,Female,"13,18,21,22,25",13.0,18.0,21.0,22.0,25.0,2.0,3.0,3.0,2.0,2.0,2.0,2.0,2.0,2.0,2.0,3.0,1.0,4.0,2.0,3.0,3.0,4.0,1.0,2.0,2.0,2.0,1.0,2.0,2.0,3.0,3.0,2.0,4.0,2.0,2.0,4.0,2.0,4.0,2.0,2.0,3.0,2.0,2.0,3.0,2.0,2.0,4.0,3.0,2.0,2.0,3.0,2.0,1.0,4.0,3.0,2.0,1.0,4.0,2.0,3.0,3.0,3.0,3.0,2.0,1.0,3.0,2.0,1.0,2.0,2.0,2.0,2.0,3.0,3.0,3.0,3.0,3.0,2.0,2.0,2.0,4.0,1.0,2.0,2.0,4.0,2.0,1.0,3.0,2.0,3.0,4.0,3.0,4.0,1.0,1.0,3.0,3.0,1.0,2.0,4.0,2.0,4.0,1.0,1.0,1.0,4.0,4.0,2.0,4.0,1.0,4.0,4.0,4.0,1.0,1.0,Prolific
63,Not Disclosed,42.0,Female,"11,17,35,24,31",11.0,17.0,35.0,24.0,31.0,5.0,5.0,5.0,5.0,5.0,5.0,5.0,5.0,5.0,5.0,5.0,5.0,5.0,5.0,5.0,5.0,5.0,5.0,5.0,5.0,5.0,5.0,5.0,5.0,5.0,5.0,5.0,5.0,5.0,5.0,5.0,5.0,5.0,5.0,5.0,5.0,5.0,5.0,5.0,4.0,5.0,4.0,5.0,5.0,5.0,4.0,5.0,4.0,5.0,5.0,5.0,5.0,5.0,4.0,5.0,5.0,5.0,5.0,5.0,5.0,5.0,5.0,5.0,5.0,5.0,5.0,5.0,5.0,5.0,5.0,5.0,3.0,4.0,5.0,5.0,5.0,5.0,3.0,5.0,5.0,5.0,5.0,5.0,5.0,5.0,5.0,5.0,5.0,5.0,5.0,1.0,3.0,3.0,3.0,2.0,3.0,1.0,3.0,3.0,4.0,4.0,3.0,2.0,4.0,4.0,3.0,1.0,2.0,4.0,1.0,Prolific
64,Disclosed,23.0,Male,"6,9,11,14,24",6.0,9.0,11.0,14.0,24.0,4.0,4.0,3.0,2.0,4.0,3.0,3.0,2.0,3.0,3.0,4.0,3.0,4.0,4.0,4.0,4.0,4.0,2.0,2.0,4.0,4.0,4.0,2.0,2.0,3.0,3.0,4.0,3.0,4.0,4.0,3.0,4.0,4.0,5.0,5.0,4.0,4.0,4.0,5.0,4.0,4.0,3.0,4.0,5.0,4.0,3.0,4.0,4.0,4.0,5.0,4.0,3.0,3.0,4.0,4.0,3.0,5.0,3.0,4.0,5.0,3.0,2.0,5.0,4.0,3.0,5.0,3.0,4.0,4.0,2.0,4.0,3.0,4.0,3.0,4.0,3.0,4.0,2.0,5.0,3.0,3.0,4.0,4.0,2.0,4.0,4.0,3.0,4.0,4.0,2.0,4.0,3.0,5.0,5.0,3.0,5.0,4.0,1.0,3.0,2.0,4.0,3.0,4.0,5.0,1.0,5.0,3.0,4.0,4.0,2.0,Prolific
65,Disclosed,22.0,Female,"6,13,28,30,31",6.0,13.0,28.0,30.0,31.0,2.0,2.0,4.0,4.0,4.0,4.0,4.0,3.0,5.0,2.0,4.0,2.0,2.0,4.0,4.0,5.0,2.0,1.0,4.0,4.0,5.0,4.0,2.0,5.0,5.0,5.0,5.0,2.0,5.0,2.0,2.0,2.0,4.0,4.0,4.0,5.0,4.0,5.0,5.0,3.0,4.0,4.0,2.0,4.0,4.0,5.0,2.0,2.0,4.0,4.0,5.0,5.0,4.0,5.0,4.0,5.0,5.0,2.0,5.0,2.0,4.0,4.0,4.0,5.0,4.0,5.0,4.0,2.0,5.0,3.0,4.0,3.0,2.0,4.0,4.0,5.0,4.0,3.0,4.0,4.0,4.0,5.0,4.0,5.0,4.0,5.0,5.0,1.0,5.0,2.0,4.0,4.0,4.0,4.0,4.0,3.0,4.0,1.0,3.0,2.0,4.0,5.0,2.0,4.0,1.0,4.0,3.0,4.0,2.0,1.0,Prolific
66,Not Disclosed,22.0,Female,"6,7,9,21,36",6.0,7.0,9.0,21.0,36.0,4.0,4.0,4.0,4.0,3.0,4.0,4.0,4.0,5.0,5.0,3.0,4.0,4.0,4.0,5.0,4.0,3.0,3.0,4.0,5.0,3.0,3.0,4.0,4.0,5.0,4.0,3.0,4.0,5.0,4.0,4.0,3.0,3.0,4.0,3.0,4.0,4.0,4.0,3.0,4.0,2.0,4.0,3.0,4.0,4.0,4.0,3.0,4.0,4.0,4.0,4.0,2.0,4.0,3.0,4.0,4.0,4.0,3.0,5.0,3.0,4.0,4.0,3.0,3.0,4.0,3.0,4.0,4.0,4.0,4.0,4.0,5.0,5.0,4.0,4.0,4.0,3.0,4.0,4.0,5.0,5.0,4.0,3.0,3.0,4.0,4.0,3.0,4.0,4.0,4.0,4.0,5.0,5.0,5.0,3.0,4.0,4.0,1.0,3.0,4.0,4.0,4.0,5.0,4.0,1.0,4.0,3.0,4.0,4.0,1.0,Prolific
67,Disclosed,23.0,Female,"11,13,26,28,23",11.0,13.0,26.0,28.0,23.0,5.0,3.0,3.0,5.0,5.0,4.0,5.0,4.0,5.0,5.0,5.0,1.0,2.0,3.0,3.0,4.0,4.0,3.0,5.0,4.0,5.0,5.0,4.0,5.0,5.0,3.0,4.0,4.0,5.0,3.0,5.0,2.0,2.0,5.0,5.0,5.0,5.0,4.0,5.0,4.0,5.0,2.0,2.0,3.0,3.0,3.0,2.0,2.0,5.0,4.0,4.0,5.0,4.0,4.0,5.0,4.0,4.0,3.0,5.0,3.0,4.0,2.0,4.0,5.0,5.0,4.0,5.0,5.0,5.0,4.0,4.0,2.0,3.0,4.0,2.0,2.0,4.0,4.0,5.0,4.0,3.0,5.0,3.0,4.0,5.0,4.0,5.0,2.0,5.0,3.0,1.0,2.0,3.0,1.0,4.0,5.0,1.0,3.0,2.0,4.0,2.0,2.0,1.0,2.0,5.0,1.0,1.0,1.0,5.0,2.0,Prolific
68,Disclosed,24.0,Female,"13,28,29,31,23",13.0,28.0,29.0,31.0,23.0,5.0,4.0,3.0,5.0,5.0,5.0,5.0,5.0,5.0,5.0,5.0,3.0,3.0,4.0,4.0,4.0,5.0,3.0,5.0,4.0,5.0,3.0,4.0,5.0,5.0,5.0,4.0,3.0,5.0,5.0,5.0,4.0,3.0,5.0,4.0,5.0,5.0,5.0,5.0,4.0,5.0,3.0,3.0,4.0,4.0,4.0,4.0,4.0,5.0,5.0,4.0,4.0,5.0,5.0,5.0,5.0,5.0,4.0,5.0,4.0,5.0,3.0,3.0,5.0,5.0,5.0,5.0,4.0,5.0,4.0,5.0,3.0,3.0,4.0,4.0,4.0,5.0,2.0,5.0,4.0,5.0,5.0,4.0,5.0,5.0,5.0,5.0,3.0,5.0,4.0,1.0,2.0,2.0,2.0,4.0,5.0,3.0,2.0,1.0,4.0,4.0,3.0,1.0,4.0,2.0,4.0,1.0,1.0,3.0,2.0,Prolific
69,Disclosed,26.0,Female,"6,17,24,28,23",6.0,17.0,24.0,28.0,23.0,3.0,4.0,3.0,1.0,4.0,3.0,2.0,2.0,1.0,2.0,2.0,2.0,4.0,4.0,3.0,4.0,1.0,3.0,4.0,3.0,4.0,4.0,2.0,4.0,1.0,1.0,1.0,2.0,2.0,4.0,4.0,2.0,4.0,5.0,5.0,4.0,3.0,4.0,2.0,4.0,4.0,5.0,3.0,4.0,3.0,2.0,1.0,2.0,2.0,2.0,4.0,1.0,2.0,4.0,3.0,2.0,2.0,4.0,3.0,2.0,4.0,4.0,4.0,5.0,4.0,3.0,2.0,4.0,1.0,4.0,2.0,4.0,3.0,4.0,3.0,2.0,1.0,2.0,4.0,2.0,3.0,1.0,2.0,4.0,3.0,2.0,2.0,4.0,5.0,3.0,4.0,3.0,4.0,3.0,4.0,4.0,4.0,3.0,4.0,4.0,4.0,3.0,3.0,3.0,3.0,2.0,4.0,3.0,3.0,3.0,Prolific
70,Disclosed,49.0,Female,"13,22,24,25,29",13.0,22.0,24.0,25.0,29.0,5.0,5.0,4.0,5.0,5.0,5.0,5.0,5.0,5.0,4.0,5.0,4.0,4.0,4.0,5.0,4.0,4.0,4.0,5.0,5.0,5.0,4.0,5.0,5.0,5.0,5.0,5.0,4.0,4.0,5.0,5.0,5.0,5.0,5.0,5.0,5.0,5.0,5.0,5.0,5.0,5.0,4.0,4.0,4.0,5.0,4.0,4.0,4.0,5.0,5.0,5.0,4.0,5.0,4.0,5.0,4.0,5.0,4.0,5.0,4.0,5.0,5.0,5.0,5.0,5.0,5.0,5.0,5.0,5.0,5.0,5.0,4.0,5.0,5.0,5.0,5.0,5.0,4.0,5.0,5.0,5.0,4.0,5.0,5.0,5.0,5.0,5.0,5.0,5.0,5.0,2.0,3.0,4.0,3.0,4.0,3.0,3.0,3.0,2.0,4.0,4.0,3.0,2.0,4.0,2.0,3.0,3.0,2.0,2.0,4.0,Prolific
71,Disclosed,25.0,Female,"20,22,25,31,23",20.0,22.0,25.0,31.0,23.0,5.0,3.0,3.0,5.0,5.0,4.0,5.0,4.0,5.0,5.0,5.0,1.0,4.0,4.0,4.0,4.0,3.0,5.0,5.0,5.0,5.0,3.0,4.0,3.0,5.0,5.0,5.0,4.0,5.0,3.0,5.0,1.0,1.0,5.0,5.0,5.0,5.0,5.0,5.0,5.0,5.0,1.0,5.0,5.0,5.0,5.0,5.0,1.0,5.0,5.0,5.0,5.0,5.0,1.0,5.0,4.0,5.0,1.0,5.0,5.0,5.0,3.0,3.0,5.0,5.0,5.0,5.0,5.0,5.0,5.0,5.0,3.0,4.0,5.0,5.0,5.0,3.0,5.0,5.0,5.0,5.0,5.0,5.0,3.0,5.0,5.0,5.0,3.0,5.0,5.0,4.0,4.0,3.0,4.0,5.0,3.0,3.0,3.0,4.0,3.0,4.0,4.0,3.0,4.0,4.0,3.0,3.0,3.0,3.0,3.0,Prolific
72,Disclosed,37.0,Female,"4,6,13,15,25",4.0,6.0,13.0,15.0,25.0,4.0,3.0,4.0,4.0,4.0,5.0,4.0,4.0,5.0,4.0,4.0,3.0,4.0,3.0,4.0,3.0,4.0,3.0,4.0,3.0,4.0,4.0,4.0,3.0,4.0,4.0,5.0,3.0,5.0,4.0,4.0,4.0,3.0,5.0,5.0,5.0,5.0,4.0,4.0,4.0,5.0,2.0,4.0,4.0,4.0,3.0,4.0,2.0,4.0,4.0,4.0,3.0,4.0,3.0,5.0,4.0,4.0,3.0,5.0,4.0,4.0,4.0,3.0,5.0,4.0,4.0,5.0,4.0,5.0,4.0,4.0,2.0,4.0,4.0,4.0,3.0,4.0,4.0,5.0,3.0,4.0,5.0,5.0,4.0,5.0,4.0,5.0,3.0,5.0,4.0,4.0,4.0,3.0,4.0,5.0,3.0,4.0,2.0,2.0,2.0,4.0,5.0,3.0,4.0,2.0,4.0,4.0,4.0,3.0,2.0,Prolific
73,Disclosed,25.0,Male,"6,9,22,35,25",6.0,9.0,22.0,35.0,25.0,4.0,5.0,5.0,5.0,4.0,4.0,5.0,5.0,5.0,5.0,4.0,5.0,4.0,5.0,4.0,5.0,5.0,4.0,5.0,5.0,4.0,4.0,5.0,5.0,5.0,5.0,4.0,4.0,4.0,4.0,4.0,4.0,4.0,5.0,5.0,4.0,4.0,4.0,4.0,5.0,5.0,4.0,4.0,5.0,4.0,4.0,4.0,4.0,4.0,4.0,5.0,5.0,4.0,5.0,5.0,5.0,4.0,5.0,5.0,4.0,4.0,5.0,5.0,4.0,4.0,4.0,5.0,4.0,5.0,4.0,4.0,5.0,5.0,5.0,5.0,5.0,5.0,5.0,5.0,5.0,5.0,5.0,5.0,4.0,4.0,4.0,5.0,5.0,5.0,4.0,4.0,4.0,2.0,5.0,5.0,2.0,5.0,3.0,3.0,5.0,4.0,5.0,4.0,5.0,2.0,4.0,5.0,4.0,2.0,3.0,Prolific
74,Not Disclosed,32.0,Male,"4,5,6,16,25",4.0,5.0,6.0,16.0,25.0,3.0,2.0,4.0,5.0,5.0,5.0,5.0,3.0,2.0,4.0,4.0,5.0,5.0,2.0,5.0,2.0,1.0,2.0,5.0,5.0,3.0,1.0,5.0,5.0,5.0,4.0,5.0,2.0,5.0,1.0,5.0,5.0,5.0,5.0,5.0,5.0,5.0,5.0,5.0,5.0,5.0,5.0,5.0,5.0,5.0,5.0,2.0,3.0,5.0,5.0,5.0,3.0,3.0,5.0,2.0,5.0,5.0,5.0,3.0,1.0,5.0,5.0,5.0,5.0,5.0,5.0,5.0,5.0,5.0,5.0,5.0,5.0,5.0,5.0,5.0,5.0,5.0,5.0,5.0,5.0,5.0,5.0,5.0,5.0,5.0,5.0,5.0,5.0,5.0,5.0,2.0,5.0,4.0,5.0,5.0,2.0,4.0,1.0,2.0,1.0,5.0,5.0,4.0,5.0,1.0,4.0,4.0,5.0,2.0,2.0,Prolific
75,Not Disclosed,38.0,Male,"6,7,21,30,31",6.0,7.0,21.0,30.0,31.0,1.0,1.0,1.0,1.0,1.0,1.0,1.0,1.0,1.0,1.0,1.0,1.0,1.0,1.0,1.0,1.0,1.0,1.0,1.0,1.0,1.0,1.0,1.0,1.0,1.0,1.0,1.0,1.0,1.0,1.0,1.0,1.0,1.0,1.0,1.0,1.0,1.0,1.0,1.0,1.0,1.0,1.0,1.0,1.0,1.0,1.0,1.0,1.0,1.0,1.0,1.0,1.0,1.0,1.0,1.0,1.0,1.0,1.0,1.0,1.0,1.0,1.0,1.0,1.0,1.0,1.0,1.0,1.0,1.0,1.0,1.0,1.0,1.0,1.0,1.0,1.0,1.0,1.0,1.0,1.0,1.0,1.0,1.0,1.0,1.0,1.0,1.0,1.0,1.0,1.0,1.0,2.0,5.0,3.0,3.0,5.0,1.0,3.0,5.0,5.0,3.0,3.0,3.0,3.0,3.0,3.0,3.0,3.0,3.0,5.0,Prolific
76,Disclosed,37.0,Female,"6,9,35,29,31",6.0,9.0,35.0,29.0,31.0,4.0,1.0,1.0,5.0,4.0,4.0,5.0,5.0,5.0,4.0,5.0,1.0,1.0,4.0,1.0,1.0,4.0,1.0,5.0,1.0,2.0,3.0,2.0,1.0,5.0,3.0,5.0,4.0,4.0,2.0,5.0,1.0,1.0,5.0,4.0,3.0,5.0,4.0,5.0,2.0,5.0,1.0,1.0,1.0,1.0,1.0,2.0,1.0,5.0,1.0,3.0,1.0,4.0,1.0,5.0,4.0,4.0,1.0,4.0,1.0,1.0,1.0,1.0,1.0,1.0,1.0,1.0,1.0,1.0,1.0,1.0,1.0,1.0,1.0,1.0,1.0,1.0,1.0,1.0,1.0,1.0,1.0,1.0,1.0,1.0,1.0,2.0,1.0,2.0,1.0,3.0,4.0,5.0,3.0,4.0,5.0,3.0,4.0,2.0,3.0,4.0,4.0,3.0,4.0,4.0,3.0,3.0,3.0,4.0,4.0,Prolific
77,Disclosed,38.0,Female,"11,15,20,30,31",11.0,15.0,20.0,30.0,31.0,3.0,5.0,4.0,5.0,4.0,4.0,5.0,5.0,5.0,4.0,5.0,2.0,4.0,2.0,5.0,5.0,3.0,3.0,5.0,5.0,5.0,5.0,5.0,5.0,5.0,5.0,5.0,2.0,5.0,2.0,5.0,5.0,5.0,5.0,5.0,5.0,5.0,5.0,5.0,5.0,5.0,2.0,4.0,2.0,5.0,5.0,4.0,3.0,5.0,5.0,5.0,4.0,5.0,5.0,5.0,5.0,5.0,4.0,5.0,3.0,3.0,5.0,5.0,5.0,5.0,5.0,5.0,5.0,5.0,5.0,5.0,2.0,5.0,3.0,5.0,5.0,4.0,4.0,5.0,5.0,5.0,5.0,5.0,5.0,5.0,5.0,5.0,3.0,5.0,5.0,4.0,5.0,2.0,3.0,5.0,3.0,4.0,1.0,1.0,1.0,5.0,4.0,1.0,5.0,1.0,3.0,5.0,4.0,1.0,1.0,Prolific
78,Not Disclosed,26.0,Male,"7,13,15,35,31",7.0,13.0,15.0,35.0,31.0,5.0,5.0,4.0,5.0,5.0,5.0,5.0,5.0,5.0,5.0,5.0,3.0,4.0,5.0,5.0,5.0,5.0,3.0,5.0,5.0,5.0,5.0,5.0,5.0,5.0,5.0,5.0,5.0,5.0,5.0,5.0,4.0,4.0,5.0,5.0,5.0,5.0,5.0,5.0,5.0,5.0,3.0,3.0,5.0,5.0,5.0,5.0,3.0,5.0,5.0,5.0,5.0,5.0,5.0,5.0,5.0,5.0,5.0,5.0,3.0,5.0,5.0,5.0,5.0,5.0,5.0,5.0,5.0,5.0,5.0,5.0,3.0,5.0,5.0,5.0,5.0,5.0,3.0,5.0,5.0,5.0,5.0,5.0,4.0,5.0,5.0,5.0,5.0,5.0,4.0,3.0,3.0,3.0,3.0,5.0,3.0,3.0,3.0,1.0,3.0,3.0,3.0,4.0,3.0,1.0,3.0,4.0,3.0,3.0,3.0,Prolific
79,Not Disclosed,47.0,Male,"1,12,16,18,25",1.0,12.0,16.0,18.0,25.0,4.0,3.0,2.0,4.0,3.0,4.0,4.0,4.0,2.0,4.0,4.0,4.0,3.0,3.0,4.0,3.0,3.0,1.0,4.0,3.0,3.0,1.0,3.0,1.0,4.0,4.0,1.0,2.0,1.0,1.0,3.0,4.0,1.0,3.0,2.0,2.0,3.0,4.0,2.0,4.0,3.0,4.0,4.0,3.0,4.0,3.0,2.0,1.0,4.0,3.0,3.0,2.0,3.0,2.0,4.0,2.0,1.0,3.0,1.0,2.0,4.0,4.0,4.0,4.0,4.0,4.0,4.0,4.0,4.0,4.0,4.0,4.0,4.0,4.0,4.0,4.0,4.0,4.0,4.0,4.0,4.0,4.0,4.0,4.0,4.0,4.0,4.0,4.0,4.0,4.0,5.0,4.0,2.0,3.0,4.0,2.0,3.0,1.0,1.0,2.0,4.0,3.0,3.0,4.0,1.0,3.0,3.0,3.0,2.0,2.0,Prolific
80,Not Disclosed,33.0,Male,"6,9,11,13,28",6.0,9.0,11.0,13.0,28.0,4.0,1.0,2.0,5.0,4.0,5.0,5.0,4.0,5.0,5.0,5.0,2.0,2.0,4.0,5.0,2.0,4.0,2.0,5.0,4.0,4.0,4.0,4.0,5.0,5.0,2.0,4.0,2.0,4.0,2.0,4.0,1.0,1.0,5.0,5.0,5.0,5.0,5.0,5.0,5.0,5.0,1.0,2.0,5.0,2.0,2.0,2.0,1.0,5.0,4.0,4.0,4.0,2.0,2.0,5.0,1.0,4.0,1.0,5.0,2.0,4.0,1.0,1.0,5.0,5.0,5.0,5.0,5.0,5.0,5.0,5.0,2.0,2.0,4.0,5.0,2.0,4.0,2.0,5.0,4.0,5.0,4.0,4.0,5.0,5.0,2.0,5.0,2.0,4.0,2.0,4.0,2.0,5.0,4.0,5.0,4.0,4.0,2.0,2.0,5.0,4.0,4.0,2.0,4.0,5.0,2.0,1.0,1.0,5.0,4.0,Prolific
81,Not Disclosed,48.0,Male,"6,7,9,11,31",6.0,7.0,9.0,11.0,31.0,5.0,5.0,3.0,5.0,5.0,5.0,5.0,5.0,5.0,5.0,5.0,2.0,4.0,4.0,5.0,3.0,4.0,3.0,5.0,5.0,5.0,5.0,5.0,3.0,5.0,5.0,5.0,3.0,5.0,3.0,5.0,4.0,2.0,5.0,5.0,5.0,5.0,5.0,5.0,5.0,5.0,2.0,3.0,5.0,4.0,2.0,5.0,2.0,5.0,4.0,5.0,5.0,5.0,4.0,5.0,5.0,5.0,2.0,5.0,2.0,5.0,4.0,4.0,5.0,5.0,5.0,5.0,4.0,5.0,5.0,5.0,2.0,4.0,4.0,5.0,3.0,5.0,4.0,4.0,4.0,5.0,5.0,5.0,5.0,5.0,5.0,5.0,2.0,4.0,4.0,4.0,5.0,3.0,2.0,5.0,2.0,5.0,1.0,2.0,4.0,5.0,5.0,4.0,5.0,1.0,5.0,5.0,5.0,2.0,4.0,Prolific
82,Not Disclosed,64.0,Male,"13,35,28,29,30",13.0,35.0,28.0,29.0,30.0,5.0,5.0,5.0,5.0,5.0,5.0,5.0,5.0,5.0,5.0,5.0,5.0,5.0,5.0,5.0,5.0,5.0,5.0,5.0,5.0,5.0,5.0,5.0,5.0,5.0,5.0,5.0,5.0,5.0,5.0,5.0,5.0,5.0,5.0,5.0,5.0,5.0,5.0,5.0,5.0,5.0,4.0,5.0,5.0,5.0,5.0,5.0,5.0,5.0,5.0,5.0,5.0,5.0,5.0,5.0,5.0,5.0,5.0,5.0,5.0,5.0,5.0,5.0,5.0,5.0,5.0,5.0,5.0,5.0,5.0,5.0,2.0,5.0,5.0,5.0,5.0,5.0,3.0,5.0,5.0,5.0,5.0,5.0,4.0,5.0,5.0,5.0,5.0,5.0,5.0,2.0,3.0,4.0,2.0,4.0,3.0,4.0,4.0,4.0,4.0,3.0,3.0,3.0,4.0,4.0,2.0,3.0,2.0,3.0,4.0,Prolific
83,Not Disclosed,19.0,Male,"4,11,12,13,22",4.0,11.0,12.0,13.0,22.0,5.0,4.0,5.0,5.0,5.0,5.0,4.0,5.0,4.0,5.0,5.0,4.0,5.0,5.0,4.0,5.0,3.0,5.0,4.0,5.0,5.0,4.0,4.0,4.0,4.0,5.0,4.0,3.0,4.0,4.0,4.0,5.0,5.0,5.0,5.0,4.0,5.0,4.0,5.0,5.0,4.0,4.0,5.0,5.0,4.0,5.0,4.0,5.0,5.0,5.0,5.0,4.0,4.0,4.0,4.0,4.0,5.0,3.0,3.0,4.0,4.0,4.0,5.0,5.0,5.0,4.0,4.0,4.0,4.0,5.0,5.0,5.0,5.0,4.0,3.0,5.0,3.0,5.0,4.0,5.0,5.0,4.0,5.0,5.0,4.0,4.0,4.0,4.0,4.0,4.0,2.0,3.0,4.0,2.0,2.0,4.0,3.0,2.0,3.0,4.0,3.0,3.0,2.0,4.0,2.0,3.0,3.0,3.0,2.0,3.0,Prolific
84,Not Disclosed,35.0,Male,"16,18,24,29,32",16.0,18.0,24.0,29.0,32.0,4.0,2.0,2.0,1.0,2.0,2.0,1.0,2.0,2.0,2.0,2.0,2.0,1.0,2.0,1.0,1.0,2.0,1.0,1.0,2.0,1.0,1.0,2.0,2.0,2.0,1.0,2.0,2.0,1.0,1.0,1.0,2.0,2.0,1.0,2.0,1.0,1.0,2.0,1.0,1.0,1.0,2.0,2.0,2.0,2.0,1.0,1.0,1.0,2.0,2.0,1.0,1.0,1.0,2.0,2.0,1.0,1.0,2.0,1.0,2.0,4.0,1.0,4.0,2.0,2.0,4.0,2.0,2.0,2.0,2.0,2.0,2.0,1.0,2.0,2.0,2.0,2.0,3.0,1.0,4.0,1.0,1.0,3.0,4.0,4.0,1.0,2.0,5.0,2.0,1.0,4.0,4.0,4.0,5.0,5.0,2.0,4.0,2.0,4.0,2.0,4.0,5.0,4.0,4.0,2.0,4.0,5.0,4.0,2.0,4.0,Prolific
85,Disclosed,31.0,Female,"22,28,29,31,23",22.0,28.0,29.0,31.0,23.0,2.0,5.0,2.0,4.0,5.0,4.0,4.0,3.0,5.0,4.0,4.0,1.0,2.0,2.0,4.0,4.0,4.0,5.0,5.0,3.0,3.0,5.0,5.0,5.0,5.0,5.0,5.0,4.0,5.0,3.0,4.0,4.0,2.0,5.0,5.0,5.0,5.0,4.0,5.0,5.0,5.0,2.0,2.0,4.0,3.0,5.0,5.0,2.0,5.0,4.0,5.0,5.0,5.0,4.0,5.0,5.0,5.0,2.0,5.0,3.0,2.0,4.0,2.0,5.0,5.0,5.0,5.0,2.0,5.0,5.0,5.0,4.0,3.0,3.0,5.0,5.0,5.0,5.0,5.0,4.0,4.0,4.0,5.0,4.0,5.0,5.0,5.0,4.0,5.0,1.0,2.0,3.0,3.0,3.0,5.0,1.0,3.0,2.0,3.0,3.0,3.0,4.0,2.0,4.0,3.0,4.0,2.0,4.0,2.0,3.0,Prolific
86,Disclosed,51.0,Male,"1,7,17,19,27",1.0,7.0,17.0,19.0,27.0,4.0,4.0,1.0,5.0,4.0,4.0,5.0,4.0,4.0,2.0,5.0,1.0,1.0,4.0,2.0,2.0,1.0,1.0,5.0,3.0,4.0,2.0,3.0,3.0,5.0,5.0,5.0,1.0,5.0,1.0,5.0,2.0,2.0,5.0,4.0,4.0,5.0,5.0,5.0,4.0,5.0,2.0,3.0,4.0,4.0,2.0,3.0,2.0,5.0,4.0,5.0,3.0,3.0,5.0,3.0,4.0,5.0,1.0,5.0,2.0,4.0,5.0,2.0,5.0,4.0,4.0,5.0,4.0,5.0,4.0,4.0,2.0,2.0,4.0,2.0,1.0,4.0,1.0,5.0,2.0,4.0,4.0,5.0,5.0,4.0,4.0,5.0,2.0,4.0,3.0,2.0,4.0,3.0,4.0,5.0,4.0,5.0,2.0,1.0,4.0,3.0,4.0,2.0,5.0,2.0,3.0,4.0,1.0,1.0,3.0,Prolific
87,Disclosed,47.0,Male,"16,17,18,19,20",16.0,17.0,18.0,19.0,20.0,1.0,1.0,1.0,1.0,1.0,1.0,1.0,1.0,1.0,1.0,1.0,1.0,1.0,1.0,1.0,1.0,1.0,1.0,1.0,1.0,1.0,1.0,1.0,1.0,1.0,1.0,1.0,1.0,1.0,1.0,1.0,1.0,1.0,1.0,1.0,1.0,1.0,1.0,1.0,1.0,1.0,1.0,1.0,1.0,1.0,1.0,1.0,1.0,1.0,1.0,1.0,1.0,1.0,1.0,1.0,1.0,1.0,1.0,1.0,1.0,1.0,1.0,1.0,1.0,1.0,1.0,1.0,1.0,1.0,1.0,1.0,1.0,1.0,1.0,1.0,1.0,1.0,1.0,1.0,1.0,1.0,1.0,1.0,1.0,1.0,1.0,1.0,1.0,1.0,1.0,1.0,4.0,5.0,5.0,4.0,4.0,4.0,2.0,2.0,5.0,5.0,4.0,3.0,5.0,5.0,3.0,2.0,3.0,4.0,5.0,Prolific
88,Disclosed,43.0,Male,"4,5,6,19,28",4.0,5.0,6.0,19.0,28.0,4.0,4.0,4.0,5.0,5.0,4.0,5.0,5.0,4.0,4.0,4.0,4.0,4.0,3.0,4.0,4.0,4.0,3.0,5.0,4.0,4.0,4.0,4.0,4.0,5.0,4.0,5.0,2.0,5.0,3.0,5.0,5.0,5.0,5.0,4.0,4.0,4.0,4.0,5.0,2.0,4.0,4.0,4.0,4.0,4.0,4.0,2.0,3.0,4.0,4.0,4.0,3.0,4.0,5.0,3.0,3.0,4.0,2.0,4.0,3.0,5.0,4.0,4.0,5.0,4.0,4.0,5.0,5.0,4.0,4.0,4.0,3.0,4.0,4.0,5.0,4.0,3.0,4.0,5.0,5.0,4.0,3.0,4.0,4.0,4.0,4.0,5.0,2.0,5.0,3.0,5.0,5.0,5.0,4.0,5.0,3.0,5.0,2.0,2.0,2.0,4.0,4.0,4.0,5.0,2.0,4.0,4.0,5.0,1.0,5.0,Prolific
89,Not Disclosed,41.0,Male,"6,9,13,15,31",6.0,9.0,13.0,15.0,31.0,3.0,1.0,1.0,5.0,4.0,4.0,4.0,4.0,5.0,3.0,3.0,2.0,2.0,1.0,2.0,1.0,2.0,1.0,4.0,1.0,3.0,1.0,1.0,1.0,4.0,4.0,5.0,1.0,1.0,3.0,4.0,1.0,1.0,5.0,4.0,4.0,4.0,5.0,5.0,2.0,4.0,2.0,4.0,5.0,1.0,1.0,2.0,1.0,2.0,2.0,5.0,1.0,2.0,1.0,4.0,5.0,5.0,2.0,2.0,2.0,4.0,3.0,3.0,5.0,3.0,4.0,5.0,5.0,5.0,3.0,5.0,2.0,3.0,3.0,3.0,3.0,4.0,1.0,5.0,3.0,4.0,2.0,3.0,3.0,4.0,5.0,5.0,2.0,2.0,4.0,5.0,4.0,3.0,3.0,5.0,3.0,4.0,1.0,1.0,2.0,4.0,4.0,4.0,3.0,1.0,4.0,3.0,3.0,1.0,1.0,Prolific
90,Not Disclosed,39.0,Male,"6,7,13,22,27",6.0,7.0,13.0,22.0,27.0,4.0,5.0,5.0,4.0,4.0,4.0,4.0,5.0,4.0,4.0,5.0,5.0,4.0,5.0,5.0,5.0,5.0,5.0,4.0,4.0,5.0,5.0,4.0,5.0,5.0,5.0,5.0,4.0,5.0,5.0,4.0,4.0,5.0,5.0,5.0,5.0,4.0,5.0,5.0,4.0,3.0,4.0,5.0,5.0,4.0,5.0,5.0,5.0,4.0,5.0,4.0,5.0,4.0,4.0,4.0,5.0,5.0,3.0,5.0,4.0,4.0,5.0,5.0,4.0,5.0,5.0,5.0,3.0,5.0,4.0,3.0,4.0,4.0,4.0,4.0,4.0,5.0,4.0,4.0,5.0,5.0,4.0,5.0,4.0,5.0,5.0,4.0,5.0,3.0,3.0,4.0,3.0,4.0,3.0,5.0,4.0,2.0,5.0,5.0,4.0,4.0,3.0,3.0,4.0,4.0,3.0,4.0,1.0,4.0,3.0,Prolific
91,Not Disclosed,49.0,Male,"6,7,11,15,23",6.0,7.0,11.0,15.0,23.0,4.0,4.0,5.0,5.0,5.0,5.0,5.0,5.0,5.0,5.0,5.0,2.0,4.0,5.0,5.0,4.0,5.0,3.0,5.0,5.0,5.0,5.0,5.0,4.0,5.0,5.0,5.0,4.0,5.0,5.0,5.0,5.0,5.0,5.0,5.0,5.0,5.0,5.0,5.0,5.0,5.0,2.0,5.0,5.0,5.0,3.0,5.0,3.0,5.0,5.0,5.0,5.0,5.0,4.0,5.0,5.0,5.0,5.0,5.0,5.0,5.0,5.0,5.0,5.0,5.0,5.0,5.0,5.0,5.0,5.0,5.0,5.0,5.0,5.0,5.0,5.0,5.0,5.0,5.0,5.0,5.0,5.0,5.0,5.0,5.0,5.0,5.0,3.0,5.0,5.0,2.0,3.0,5.0,3.0,3.0,4.0,3.0,4.0,4.0,5.0,4.0,4.0,3.0,4.0,4.0,3.0,3.0,3.0,4.0,3.0,Prolific
92,Disclosed,66.0,Female,"6,15,19,30,31",6.0,15.0,19.0,30.0,31.0,5.0,5.0,5.0,5.0,5.0,5.0,5.0,5.0,5.0,5.0,5.0,5.0,5.0,5.0,5.0,5.0,5.0,5.0,5.0,5.0,5.0,5.0,5.0,5.0,5.0,5.0,5.0,5.0,5.0,5.0,5.0,5.0,5.0,5.0,5.0,5.0,5.0,5.0,5.0,5.0,5.0,5.0,5.0,5.0,5.0,5.0,5.0,5.0,5.0,5.0,5.0,5.0,5.0,5.0,5.0,5.0,5.0,5.0,5.0,5.0,5.0,5.0,5.0,5.0,5.0,5.0,5.0,5.0,5.0,5.0,5.0,5.0,5.0,5.0,5.0,5.0,5.0,4.0,5.0,5.0,5.0,5.0,5.0,5.0,5.0,5.0,5.0,5.0,5.0,5.0,3.0,3.0,3.0,4.0,5.0,2.0,4.0,2.0,2.0,2.0,5.0,4.0,2.0,4.0,2.0,3.0,3.0,4.0,2.0,4.0,Prolific
93,Not Disclosed,49.0,Male,"1,7,13,18,24",1.0,7.0,13.0,18.0,24.0,1.0,4.0,4.0,4.0,2.0,2.0,4.0,2.0,2.0,4.0,4.0,3.0,2.0,2.0,2.0,2.0,1.0,1.0,4.0,4.0,4.0,2.0,2.0,2.0,2.0,1.0,2.0,3.0,2.0,3.0,3.0,3.0,4.0,4.0,4.0,2.0,1.0,2.0,1.0,3.0,2.0,1.0,3.0,1.0,4.0,2.0,1.0,1.0,2.0,4.0,2.0,1.0,1.0,2.0,1.0,4.0,2.0,1.0,1.0,2.0,4.0,1.0,2.0,4.0,2.0,1.0,4.0,1.0,2.0,2.0,2.0,1.0,2.0,3.0,4.0,1.0,2.0,4.0,4.0,4.0,2.0,2.0,2.0,3.0,1.0,5.0,4.0,2.0,2.0,4.0,2.0,4.0,1.0,4.0,5.0,2.0,4.0,4.0,3.0,2.0,5.0,4.0,2.0,4.0,1.0,2.0,4.0,5.0,5.0,2.0,Prolific
94,Disclosed,53.0,Female,"6,11,35,24,31",6.0,11.0,35.0,24.0,31.0,4.0,4.0,4.0,5.0,4.0,5.0,4.0,4.0,5.0,2.0,5.0,3.0,2.0,4.0,3.0,3.0,2.0,2.0,5.0,3.0,4.0,2.0,4.0,4.0,4.0,5.0,5.0,2.0,2.0,1.0,5.0,4.0,4.0,5.0,5.0,5.0,5.0,4.0,5.0,4.0,5.0,4.0,3.0,5.0,4.0,3.0,3.0,2.0,5.0,5.0,5.0,3.0,5.0,5.0,5.0,5.0,5.0,2.0,2.0,2.0,5.0,5.0,5.0,5.0,5.0,5.0,5.0,5.0,5.0,5.0,5.0,4.0,5.0,5.0,5.0,5.0,4.0,4.0,5.0,5.0,5.0,5.0,5.0,5.0,5.0,5.0,5.0,4.0,4.0,3.0,3.0,3.0,3.0,4.0,4.0,3.0,2.0,2.0,2.0,3.0,4.0,3.0,3.0,4.0,4.0,3.0,2.0,2.0,4.0,4.0,Prolific
95,Not Disclosed,50.0,Female,"9,11,17,18,19",9.0,11.0,17.0,18.0,19.0,5.0,5.0,4.0,4.0,4.0,5.0,5.0,4.0,4.0,4.0,4.0,4.0,5.0,5.0,5.0,4.0,4.0,4.0,4.0,5.0,4.0,2.0,4.0,4.0,4.0,3.0,4.0,2.0,5.0,4.0,5.0,4.0,5.0,5.0,5.0,5.0,5.0,5.0,5.0,5.0,5.0,5.0,5.0,5.0,5.0,4.0,4.0,5.0,5.0,4.0,5.0,5.0,4.0,4.0,5.0,3.0,5.0,3.0,5.0,5.0,5.0,5.0,5.0,5.0,5.0,5.0,5.0,5.0,5.0,5.0,5.0,4.0,5.0,5.0,5.0,5.0,5.0,4.0,5.0,5.0,5.0,4.0,5.0,5.0,4.0,4.0,4.0,4.0,5.0,5.0,2.0,3.0,2.0,2.0,4.0,3.0,3.0,1.0,1.0,1.0,4.0,3.0,3.0,4.0,2.0,2.0,3.0,2.0,2.0,1.0,Prolific
96,Not Disclosed,49.0,Male,"5,6,9,18,19",5.0,6.0,9.0,18.0,19.0,4.0,4.0,4.0,4.0,4.0,4.0,4.0,4.0,3.0,4.0,4.0,4.0,4.0,4.0,4.0,5.0,4.0,3.0,4.0,4.0,4.0,2.0,4.0,3.0,3.0,2.0,5.0,3.0,2.0,2.0,4.0,4.0,4.0,5.0,4.0,4.0,4.0,4.0,4.0,4.0,4.0,4.0,4.0,4.0,4.0,3.0,4.0,4.0,4.0,4.0,4.0,2.0,4.0,4.0,4.0,3.0,4.0,3.0,4.0,3.0,4.0,4.0,4.0,4.0,4.0,5.0,4.0,4.0,4.0,4.0,4.0,3.0,4.0,4.0,4.0,4.0,4.0,4.0,3.0,4.0,4.0,2.0,4.0,4.0,3.0,2.0,4.0,2.0,4.0,2.0,4.0,4.0,3.0,3.0,4.0,2.0,4.0,4.0,3.0,2.0,4.0,4.0,3.0,4.0,1.0,3.0,4.0,4.0,2.0,2.0,Prolific
97,Disclosed,49.0,Female,"6,9,14,29,23",6.0,9.0,14.0,29.0,23.0,4.0,5.0,5.0,5.0,5.0,5.0,5.0,5.0,5.0,5.0,5.0,2.0,4.0,4.0,5.0,5.0,4.0,4.0,5.0,4.0,5.0,4.0,4.0,5.0,5.0,5.0,5.0,3.0,5.0,2.0,5.0,4.0,5.0,5.0,5.0,5.0,5.0,5.0,5.0,5.0,5.0,2.0,4.0,4.0,5.0,4.0,2.0,3.0,5.0,5.0,5.0,4.0,4.0,5.0,5.0,5.0,5.0,3.0,5.0,2.0,4.0,5.0,5.0,5.0,5.0,5.0,5.0,5.0,5.0,5.0,5.0,4.0,4.0,5.0,5.0,5.0,3.0,5.0,5.0,5.0,5.0,4.0,4.0,5.0,5.0,4.0,5.0,4.0,5.0,2.0,4.0,3.0,4.0,3.0,3.0,3.0,2.0,1.0,1.0,1.0,4.0,3.0,1.0,4.0,1.0,1.0,3.0,1.0,1.0,4.0,Prolific
98,Not Disclosed,49.0,Female,"6,9,13,25,29",6.0,9.0,13.0,25.0,29.0,4.0,4.0,2.0,5.0,5.0,4.0,3.0,2.0,5.0,2.0,4.0,1.0,4.0,4.0,4.0,3.0,4.0,1.0,4.0,4.0,4.0,2.0,4.0,2.0,4.0,4.0,5.0,4.0,4.0,2.0,3.0,2.0,2.0,3.0,4.0,4.0,4.0,2.0,5.0,5.0,4.0,1.0,5.0,2.0,2.0,2.0,5.0,1.0,4.0,4.0,2.0,2.0,5.0,4.0,5.0,2.0,4.0,4.0,2.0,5.0,3.0,2.0,2.0,4.0,4.0,4.0,4.0,2.0,5.0,4.0,5.0,1.0,4.0,2.0,3.0,2.0,4.0,1.0,4.0,4.0,5.0,2.0,4.0,2.0,5.0,5.0,4.0,2.0,4.0,1.0,4.0,4.0,3.0,3.0,4.0,3.0,4.0,1.0,2.0,3.0,4.0,3.0,1.0,4.0,2.0,3.0,2.0,2.0,2.0,2.0,Prolific
99,Disclosed,24.0,Prefer not to say,"4,7,22,25,23",4.0,7.0,22.0,25.0,23.0,5.0,5.0,5.0,5.0,5.0,5.0,5.0,5.0,5.0,5.0,5.0,5.0,5.0,5.0,5.0,5.0,4.0,5.0,4.0,5.0,5.0,2.0,3.0,4.0,5.0,5.0,5.0,5.0,5.0,5.0,5.0,4.0,4.0,4.0,5.0,5.0,5.0,5.0,3.0,5.0,3.0,4.0,4.0,5.0,5.0,4.0,4.0,4.0,5.0,5.0,4.0,4.0,3.0,4.0,3.0,5.0,4.0,4.0,4.0,5.0,5.0,5.0,4.0,5.0,5.0,5.0,5.0,4.0,5.0,4.0,4.0,5.0,5.0,5.0,5.0,5.0,5.0,3.0,5.0,5.0,4.0,5.0,3.0,5.0,5.0,5.0,5.0,5.0,5.0,5.0,3.0,4.0,5.0,3.0,5.0,4.0,5.0,2.0,1.0,2.0,4.0,5.0,1.0,4.0,1.0,1.0,2.0,4.0,2.0,3.0,Prolific
100,Not Disclosed,40.0,Male,"13,15,27,28,29",13.0,15.0,27.0,28.0,29.0,2.0,4.0,2.0,3.0,2.0,2.0,4.0,2.0,4.0,4.0,3.0,1.0,2.0,4.0,2.0,2.0,2.0,2.0,4.0,2.0,4.0,1.0,4.0,4.0,5.0,4.0,4.0,4.0,2.0,1.0,2.0,4.0,2.0,4.0,4.0,4.0,4.0,4.0,4.0,4.0,4.0,2.0,2.0,2.0,2.0,2.0,2.0,1.0,5.0,2.0,4.0,1.0,4.0,5.0,5.0,4.0,3.0,4.0,2.0,2.0,2.0,5.0,4.0,4.0,2.0,4.0,2.0,1.0,4.0,4.0,4.0,2.0,1.0,4.0,2.0,2.0,2.0,1.0,4.0,2.0,4.0,1.0,3.0,4.0,4.0,4.0,2.0,4.0,1.0,2.0,2.0,4.0,2.0,4.0,4.0,4.0,5.0,2.0,2.0,2.0,4.0,4.0,4.0,4.0,2.0,4.0,3.0,5.0,2.0,2.0,Prolific
101,Disclosed,38.0,Female,"9,22,24,25,28",9.0,22.0,24.0,25.0,28.0,3.0,5.0,4.0,5.0,5.0,4.0,4.0,4.0,5.0,4.0,5.0,3.0,3.0,2.0,4.0,3.0,3.0,5.0,4.0,4.0,4.0,4.0,4.0,4.0,5.0,4.0,4.0,3.0,3.0,4.0,5.0,4.0,5.0,5.0,5.0,5.0,5.0,5.0,5.0,4.0,5.0,3.0,4.0,5.0,4.0,5.0,4.0,2.0,5.0,4.0,5.0,4.0,5.0,5.0,5.0,5.0,5.0,4.0,3.0,5.0,3.0,4.0,5.0,5.0,5.0,5.0,5.0,4.0,5.0,4.0,5.0,2.0,2.0,2.0,4.0,4.0,3.0,5.0,4.0,4.0,4.0,5.0,4.0,5.0,5.0,5.0,5.0,4.0,3.0,5.0,1.0,1.0,5.0,1.0,1.0,5.0,1.0,3.0,1.0,3.0,1.0,1.0,1.0,1.0,3.0,1.0,1.0,1.0,3.0,4.0,Prolific
102,Not Disclosed,30.0,Male,"5,11,25,29,30",5.0,11.0,25.0,29.0,30.0,4.0,4.0,3.0,3.0,3.0,3.0,3.0,3.0,3.0,3.0,3.0,3.0,4.0,3.0,3.0,4.0,3.0,3.0,4.0,3.0,3.0,2.0,4.0,3.0,3.0,4.0,3.0,3.0,4.0,3.0,4.0,4.0,4.0,4.0,3.0,4.0,3.0,3.0,3.0,4.0,4.0,3.0,4.0,3.0,4.0,4.0,4.0,4.0,3.0,4.0,4.0,4.0,4.0,4.0,4.0,3.0,4.0,3.0,4.0,4.0,3.0,3.0,4.0,3.0,4.0,3.0,4.0,4.0,4.0,3.0,4.0,4.0,5.0,4.0,4.0,4.0,3.0,3.0,4.0,3.0,3.0,3.0,4.0,3.0,3.0,3.0,3.0,3.0,3.0,3.0,4.0,4.0,4.0,4.0,4.0,3.0,3.0,4.0,3.0,3.0,4.0,4.0,4.0,4.0,3.0,4.0,4.0,4.0,3.0,4.0,Prolific
103,Not Disclosed,67.0,Male,"1,6,7,11,14",1.0,6.0,7.0,11.0,14.0,4.0,4.0,3.0,5.0,5.0,5.0,4.0,4.0,4.0,5.0,5.0,4.0,4.0,3.0,5.0,2.0,4.0,3.0,5.0,3.0,5.0,2.0,3.0,4.0,4.0,3.0,3.0,2.0,4.0,2.0,4.0,4.0,4.0,4.0,4.0,4.0,4.0,4.0,4.0,4.0,4.0,4.0,4.0,4.0,4.0,3.0,4.0,3.0,4.0,3.0,4.0,3.0,3.0,4.0,4.0,3.0,3.0,3.0,3.0,3.0,4.0,3.0,3.0,4.0,4.0,4.0,4.0,4.0,4.0,4.0,4.0,4.0,4.0,3.0,4.0,3.0,3.0,3.0,4.0,3.0,4.0,3.0,3.0,4.0,3.0,3.0,4.0,3.0,3.0,3.0,1.0,1.0,4.0,1.0,2.0,3.0,1.0,4.0,2.0,5.0,1.0,2.0,1.0,2.0,5.0,2.0,1.0,1.0,5.0,2.0,Prolific
104,Disclosed,30.0,Male,"6,7,9,19,25",6.0,7.0,9.0,19.0,25.0,5.0,4.0,5.0,5.0,5.0,5.0,5.0,5.0,5.0,4.0,5.0,2.0,5.0,5.0,5.0,4.0,4.0,4.0,5.0,5.0,5.0,4.0,4.0,4.0,5.0,5.0,5.0,2.0,4.0,4.0,5.0,4.0,4.0,5.0,5.0,5.0,5.0,5.0,5.0,4.0,5.0,2.0,4.0,5.0,5.0,4.0,5.0,4.0,5.0,5.0,5.0,4.0,4.0,4.0,5.0,5.0,5.0,3.0,4.0,5.0,5.0,4.0,4.0,5.0,4.0,5.0,5.0,5.0,5.0,5.0,5.0,2.0,4.0,3.0,4.0,4.0,5.0,3.0,5.0,4.0,5.0,4.0,4.0,4.0,5.0,5.0,5.0,3.0,4.0,4.0,3.0,4.0,2.0,4.0,4.0,3.0,4.0,1.0,2.0,4.0,4.0,5.0,4.0,5.0,2.0,4.0,5.0,3.0,2.0,3.0,Prolific
105,Not Disclosed,24.0,Male,"11,17,18,19,25",11.0,17.0,18.0,19.0,25.0,5.0,5.0,5.0,5.0,4.0,5.0,5.0,5.0,5.0,5.0,1.0,1.0,4.0,5.0,4.0,5.0,5.0,5.0,4.0,5.0,1.0,1.0,2.0,5.0,5.0,3.0,4.0,5.0,4.0,5.0,5.0,4.0,5.0,5.0,5.0,5.0,5.0,5.0,5.0,5.0,5.0,5.0,5.0,5.0,5.0,5.0,4.0,5.0,5.0,4.0,5.0,1.0,5.0,4.0,5.0,4.0,4.0,5.0,4.0,5.0,5.0,4.0,5.0,4.0,4.0,5.0,5.0,4.0,5.0,4.0,5.0,5.0,5.0,4.0,5.0,5.0,5.0,5.0,4.0,5.0,4.0,4.0,3.0,4.0,4.0,4.0,5.0,4.0,4.0,5.0,4.0,4.0,1.0,5.0,5.0,2.0,5.0,1.0,1.0,1.0,4.0,5.0,5.0,4.0,1.0,4.0,5.0,5.0,1.0,1.0,Prolific
106,Disclosed,25.0,Male,"9,13,24,27,29",9.0,13.0,24.0,27.0,29.0,5.0,4.0,4.0,5.0,5.0,5.0,5.0,5.0,5.0,4.0,5.0,4.0,5.0,4.0,5.0,5.0,5.0,3.0,5.0,5.0,4.0,5.0,5.0,4.0,5.0,5.0,5.0,4.0,3.0,4.0,5.0,4.0,3.0,5.0,5.0,5.0,5.0,5.0,5.0,5.0,5.0,3.0,4.0,4.0,4.0,5.0,5.0,2.0,5.0,5.0,5.0,5.0,5.0,4.0,5.0,5.0,5.0,3.0,3.0,4.0,4.0,4.0,4.0,5.0,5.0,5.0,5.0,5.0,5.0,4.0,5.0,3.0,3.0,4.0,4.0,5.0,4.0,2.0,5.0,5.0,4.0,4.0,5.0,4.0,5.0,5.0,5.0,3.0,3.0,4.0,3.0,4.0,5.0,4.0,5.0,3.0,3.0,3.0,3.0,4.0,4.0,4.0,4.0,5.0,4.0,5.0,4.0,4.0,3.0,4.0,Prolific
107,Disclosed,37.0,Female,"4,6,12,31,32",4.0,6.0,12.0,31.0,32.0,4.0,5.0,5.0,5.0,5.0,5.0,4.0,5.0,5.0,5.0,5.0,3.0,3.0,3.0,5.0,2.0,1.0,4.0,4.0,5.0,5.0,5.0,3.0,4.0,5.0,4.0,5.0,5.0,2.0,1.0,5.0,5.0,5.0,5.0,4.0,5.0,5.0,5.0,4.0,4.0,4.0,5.0,5.0,5.0,5.0,4.0,3.0,4.0,4.0,5.0,5.0,2.0,4.0,3.0,5.0,4.0,5.0,4.0,3.0,3.0,5.0,5.0,5.0,5.0,5.0,5.0,5.0,5.0,5.0,5.0,5.0,4.0,5.0,5.0,5.0,2.0,1.0,1.0,5.0,5.0,5.0,5.0,4.0,5.0,5.0,5.0,5.0,5.0,3.0,4.0,1.0,1.0,4.0,3.0,4.0,3.0,2.0,3.0,4.0,5.0,2.0,2.0,1.0,3.0,4.0,2.0,1.0,1.0,4.0,4.0,Prolific
108,Disclosed,67.0,Male,"6,15,19,21,29",6.0,15.0,19.0,21.0,29.0,4.0,4.0,5.0,5.0,5.0,5.0,5.0,5.0,5.0,4.0,5.0,3.0,4.0,5.0,5.0,3.0,5.0,3.0,5.0,5.0,5.0,3.0,4.0,5.0,5.0,4.0,5.0,4.0,5.0,4.0,4.0,5.0,4.0,5.0,5.0,5.0,5.0,5.0,5.0,4.0,5.0,2.0,4.0,1.0,5.0,3.0,5.0,4.0,5.0,5.0,5.0,4.0,4.0,3.0,4.0,3.0,4.0,4.0,5.0,4.0,4.0,5.0,5.0,5.0,5.0,5.0,5.0,5.0,5.0,4.0,5.0,3.0,4.0,5.0,5.0,3.0,5.0,5.0,5.0,5.0,5.0,3.0,4.0,4.0,5.0,4.0,5.0,4.0,4.0,4.0,2.0,3.0,4.0,3.0,4.0,3.0,2.0,4.0,4.0,4.0,4.0,2.0,2.0,3.0,4.0,2.0,4.0,2.0,4.0,2.0,Prolific
109,Not Disclosed,52.0,Male,"11,13,16,22,23",11.0,13.0,16.0,22.0,23.0,5.0,5.0,5.0,5.0,5.0,5.0,5.0,5.0,5.0,5.0,5.0,5.0,5.0,5.0,5.0,5.0,5.0,5.0,5.0,5.0,5.0,5.0,5.0,4.0,5.0,5.0,5.0,4.0,5.0,5.0,4.0,5.0,5.0,4.0,5.0,5.0,5.0,5.0,5.0,5.0,5.0,4.0,5.0,4.0,5.0,4.0,5.0,5.0,5.0,5.0,4.0,5.0,4.0,4.0,4.0,4.0,5.0,5.0,5.0,5.0,5.0,5.0,5.0,5.0,5.0,5.0,5.0,5.0,5.0,5.0,5.0,5.0,5.0,5.0,5.0,5.0,5.0,5.0,5.0,5.0,5.0,5.0,5.0,5.0,5.0,5.0,5.0,4.0,5.0,5.0,2.0,3.0,4.0,1.0,4.0,3.0,1.0,4.0,4.0,4.0,3.0,3.0,2.0,3.0,4.0,2.0,1.0,2.0,5.0,5.0,Prolific
110,Disclosed,48.0,Male,"1,9,17,22,30",1.0,9.0,17.0,22.0,30.0,4.0,3.0,4.0,4.0,3.0,4.0,3.0,4.0,3.0,4.0,3.0,3.0,4.0,4.0,4.0,4.0,4.0,3.0,3.0,3.0,3.0,4.0,3.0,3.0,3.0,4.0,3.0,3.0,3.0,4.0,4.0,3.0,3.0,3.0,4.0,3.0,3.0,4.0,3.0,3.0,4.0,3.0,3.0,3.0,3.0,3.0,3.0,3.0,4.0,4.0,3.0,4.0,4.0,3.0,3.0,3.0,3.0,4.0,3.0,3.0,4.0,4.0,3.0,3.0,4.0,3.0,3.0,4.0,3.0,4.0,3.0,4.0,3.0,3.0,3.0,3.0,4.0,3.0,3.0,3.0,3.0,3.0,3.0,4.0,4.0,4.0,4.0,3.0,3.0,4.0,3.0,4.0,3.0,4.0,3.0,4.0,4.0,3.0,3.0,3.0,3.0,4.0,4.0,4.0,3.0,4.0,3.0,3.0,3.0,3.0,Prolific
111,Disclosed,67.0,Female,"9,13,22,31,23",9.0,13.0,22.0,31.0,23.0,5.0,4.0,5.0,5.0,5.0,5.0,5.0,4.0,5.0,5.0,5.0,4.0,5.0,4.0,5.0,4.0,5.0,4.0,5.0,5.0,5.0,5.0,5.0,5.0,5.0,5.0,5.0,4.0,5.0,4.0,5.0,4.0,5.0,5.0,5.0,5.0,5.0,5.0,5.0,5.0,5.0,4.0,5.0,4.0,4.0,5.0,4.0,3.0,5.0,5.0,5.0,5.0,5.0,5.0,5.0,5.0,4.0,4.0,5.0,4.0,5.0,5.0,4.0,5.0,5.0,5.0,5.0,4.0,5.0,5.0,5.0,4.0,5.0,4.0,5.0,5.0,5.0,4.0,5.0,4.0,5.0,5.0,4.0,5.0,5.0,5.0,5.0,4.0,5.0,4.0,2.0,1.0,4.0,2.0,1.0,4.0,2.0,5.0,5.0,5.0,2.0,3.0,2.0,3.0,5.0,4.0,2.0,2.0,4.0,5.0,Prolific
112,Disclosed,26.0,Male,"12,14,17,27,28",12.0,14.0,17.0,27.0,28.0,5.0,5.0,5.0,3.0,5.0,5.0,5.0,3.0,5.0,3.0,5.0,1.0,5.0,2.0,5.0,5.0,5.0,3.0,5.0,5.0,5.0,4.0,4.0,5.0,3.0,4.0,5.0,1.0,5.0,5.0,5.0,5.0,3.0,4.0,5.0,4.0,5.0,5.0,5.0,3.0,5.0,5.0,4.0,5.0,4.0,4.0,3.0,5.0,5.0,4.0,5.0,4.0,5.0,4.0,5.0,3.0,5.0,3.0,3.0,3.0,5.0,3.0,5.0,5.0,5.0,5.0,5.0,4.0,5.0,5.0,3.0,5.0,5.0,5.0,5.0,5.0,5.0,3.0,5.0,5.0,5.0,5.0,5.0,5.0,5.0,5.0,5.0,1.0,5.0,5.0,2.0,5.0,5.0,5.0,5.0,2.0,5.0,1.0,4.0,2.0,5.0,5.0,5.0,5.0,1.0,4.0,4.0,5.0,3.0,3.0,Prolific
113,Not Disclosed,29.0,Male,"4,11,24,25,27",4.0,11.0,24.0,25.0,27.0,5.0,4.0,5.0,5.0,4.0,5.0,4.0,5.0,5.0,4.0,5.0,2.0,5.0,4.0,4.0,5.0,2.0,4.0,5.0,5.0,5.0,4.0,4.0,5.0,5.0,4.0,5.0,2.0,5.0,4.0,5.0,4.0,2.0,5.0,4.0,5.0,4.0,5.0,5.0,4.0,5.0,2.0,4.0,5.0,4.0,4.0,2.0,2.0,4.0,4.0,4.0,2.0,4.0,5.0,5.0,4.0,4.0,1.0,4.0,4.0,5.0,5.0,5.0,5.0,5.0,5.0,5.0,4.0,5.0,4.0,5.0,4.0,4.0,4.0,4.0,4.0,5.0,4.0,4.0,5.0,5.0,3.0,5.0,4.0,5.0,5.0,5.0,4.0,5.0,4.0,2.0,4.0,4.0,2.0,4.0,4.0,2.0,2.0,2.0,2.0,4.0,4.0,4.0,5.0,1.0,4.0,4.0,4.0,2.0,4.0,Prolific
114,Disclosed,32.0,Female,"4,5,6,7,31",4.0,5.0,6.0,7.0,31.0,3.0,3.0,3.0,3.0,3.0,3.0,3.0,3.0,3.0,3.0,3.0,3.0,3.0,3.0,3.0,3.0,3.0,3.0,3.0,3.0,3.0,3.0,3.0,3.0,3.0,3.0,3.0,3.0,3.0,3.0,5.0,4.0,5.0,5.0,4.0,4.0,4.0,4.0,4.0,4.0,4.0,4.0,4.0,4.0,4.0,3.0,4.0,4.0,4.0,4.0,4.0,4.0,5.0,4.0,5.0,5.0,4.0,4.0,4.0,4.0,4.0,3.0,3.0,4.0,3.0,3.0,3.0,3.0,4.0,4.0,4.0,3.0,3.0,3.0,3.0,3.0,4.0,5.0,4.0,3.0,4.0,4.0,3.0,4.0,4.0,3.0,4.0,3.0,4.0,3.0,2.0,4.0,3.0,3.0,5.0,3.0,4.0,3.0,5.0,4.0,4.0,4.0,3.0,4.0,3.0,3.0,3.0,1.0,3.0,4.0,Prolific
115,Not Disclosed,48.0,Male,"7,17,18,19,24",7.0,17.0,18.0,19.0,24.0,5.0,4.0,5.0,5.0,5.0,5.0,4.0,5.0,4.0,4.0,5.0,3.0,5.0,5.0,5.0,4.0,5.0,4.0,5.0,5.0,4.0,3.0,4.0,4.0,4.0,4.0,4.0,4.0,3.0,3.0,5.0,4.0,4.0,5.0,5.0,4.0,4.0,5.0,4.0,4.0,5.0,5.0,5.0,5.0,5.0,5.0,4.0,3.0,5.0,4.0,5.0,3.0,4.0,5.0,4.0,4.0,3.0,2.0,4.0,3.0,5.0,5.0,4.0,4.0,4.0,5.0,4.0,4.0,4.0,4.0,4.0,5.0,5.0,5.0,4.0,4.0,5.0,5.0,4.0,4.0,4.0,3.0,4.0,4.0,4.0,3.0,4.0,4.0,3.0,4.0,4.0,3.0,2.0,4.0,4.0,3.0,4.0,3.0,4.0,2.0,4.0,4.0,3.0,4.0,3.0,4.0,3.0,4.0,3.0,3.0,Prolific
116,Disclosed,35.0,Female,"4,13,15,24,23",4.0,13.0,15.0,24.0,23.0,2.0,5.0,1.0,4.0,4.0,2.0,5.0,4.0,5.0,4.0,4.0,2.0,1.0,2.0,5.0,1.0,2.0,2.0,4.0,1.0,4.0,2.0,1.0,4.0,4.0,2.0,2.0,1.0,5.0,1.0,5.0,4.0,2.0,5.0,2.0,2.0,4.0,5.0,5.0,4.0,5.0,2.0,4.0,4.0,4.0,5.0,4.0,1.0,4.0,1.0,4.0,5.0,2.0,2.0,5.0,4.0,5.0,1.0,5.0,2.0,1.0,2.0,1.0,1.0,4.0,2.0,4.0,5.0,4.0,4.0,5.0,2.0,1.0,2.0,4.0,4.0,5.0,2.0,4.0,2.0,5.0,5.0,5.0,4.0,4.0,2.0,5.0,2.0,5.0,1.0,5.0,5.0,1.0,5.0,5.0,1.0,4.0,1.0,2.0,2.0,5.0,5.0,5.0,5.0,1.0,5.0,4.0,4.0,2.0,2.0,Prolific
117,Disclosed,31.0,Female,"6,9,13,24,31",6.0,9.0,13.0,24.0,31.0,5.0,5.0,4.0,4.0,3.0,4.0,3.0,4.0,3.0,4.0,4.0,4.0,4.0,4.0,4.0,4.0,3.0,4.0,5.0,5.0,3.0,4.0,5.0,3.0,3.0,4.0,3.0,5.0,3.0,4.0,4.0,3.0,5.0,4.0,5.0,4.0,3.0,4.0,4.0,5.0,3.0,3.0,5.0,4.0,4.0,4.0,3.0,5.0,4.0,4.0,4.0,2.0,4.0,5.0,3.0,4.0,3.0,4.0,3.0,3.0,4.0,5.0,3.0,4.0,4.0,4.0,4.0,4.0,3.0,4.0,4.0,4.0,4.0,3.0,4.0,3.0,4.0,5.0,5.0,5.0,4.0,3.0,4.0,4.0,4.0,4.0,4.0,4.0,5.0,4.0,2.0,3.0,4.0,4.0,2.0,4.0,2.0,4.0,4.0,5.0,3.0,2.0,1.0,4.0,4.0,3.0,3.0,2.0,5.0,5.0,Prolific
118,Not Disclosed,52.0,Female,"1,7,15,35,28",1.0,7.0,15.0,35.0,28.0,5.0,4.0,5.0,5.0,5.0,5.0,5.0,5.0,5.0,5.0,5.0,2.0,5.0,5.0,5.0,4.0,5.0,3.0,5.0,5.0,5.0,5.0,4.0,5.0,5.0,5.0,5.0,5.0,5.0,4.0,5.0,4.0,3.0,5.0,4.0,5.0,5.0,5.0,5.0,4.0,4.0,2.0,4.0,4.0,4.0,2.0,4.0,3.0,5.0,3.0,4.0,4.0,3.0,5.0,5.0,5.0,5.0,5.0,3.0,5.0,5.0,4.0,3.0,5.0,5.0,5.0,5.0,4.0,5.0,4.0,5.0,2.0,5.0,4.0,5.0,3.0,3.0,3.0,5.0,5.0,4.0,4.0,3.0,5.0,5.0,5.0,5.0,4.0,5.0,4.0,2.0,4.0,5.0,3.0,3.0,3.0,1.0,4.0,4.0,5.0,3.0,2.0,3.0,4.0,4.0,4.0,3.0,2.0,4.0,5.0,Prolific
119,Not Disclosed,21.0,Male,"11,12,19,28,29",11.0,12.0,19.0,28.0,29.0,4.0,5.0,5.0,4.0,5.0,5.0,4.0,4.0,5.0,4.0,5.0,4.0,4.0,4.0,4.0,4.0,3.0,4.0,3.0,4.0,4.0,5.0,4.0,4.0,4.0,5.0,3.0,2.0,4.0,4.0,5.0,4.0,4.0,4.0,5.0,4.0,4.0,5.0,4.0,4.0,4.0,5.0,4.0,4.0,4.0,5.0,5.0,4.0,3.0,4.0,4.0,5.0,4.0,5.0,5.0,4.0,2.0,2.0,4.0,4.0,4.0,5.0,4.0,4.0,4.0,4.0,3.0,5.0,4.0,3.0,3.0,5.0,4.0,5.0,5.0,4.0,4.0,4.0,3.0,4.0,4.0,5.0,4.0,4.0,4.0,4.0,5.0,2.0,4.0,4.0,5.0,5.0,2.0,5.0,5.0,2.0,4.0,1.0,3.0,2.0,5.0,5.0,5.0,5.0,1.0,5.0,5.0,5.0,1.0,5.0,SONA
120,Disclosed,22.0,Male,"4,9,13,15,31",4.0,9.0,13.0,15.0,31.0,2.0,4.0,4.0,5.0,4.0,3.0,4.0,4.0,4.0,3.0,4.0,1.0,1.0,4.0,4.0,1.0,4.0,1.0,4.0,4.0,4.0,2.0,4.0,4.0,4.0,4.0,4.0,2.0,4.0,2.0,4.0,4.0,2.0,4.0,4.0,3.0,2.0,2.0,4.0,2.0,4.0,2.0,2.0,2.0,2.0,1.0,2.0,1.0,3.0,4.0,4.0,1.0,4.0,3.0,4.0,4.0,5.0,2.0,2.0,4.0,4.0,4.0,3.0,5.0,5.0,4.0,4.0,4.0,4.0,4.0,4.0,2.0,2.0,2.0,4.0,1.0,2.0,1.0,4.0,4.0,2.0,2.0,4.0,4.0,4.0,4.0,4.0,4.0,2.0,1.0,4.0,5.0,5.0,1.0,4.0,4.0,4.0,3.0,5.0,5.0,4.0,4.0,5.0,4.0,4.0,3.0,3.0,4.0,2.0,4.0,SONA
121,Not Disclosed,21.0,Male,"4,6,7,13,31",4.0,6.0,7.0,13.0,31.0,5.0,5.0,4.0,5.0,5.0,5.0,5.0,5.0,5.0,5.0,5.0,5.0,5.0,5.0,5.0,4.0,5.0,4.0,3.0,5.0,5.0,4.0,4.0,5.0,5.0,5.0,5.0,5.0,5.0,5.0,5.0,5.0,5.0,5.0,5.0,5.0,5.0,5.0,5.0,5.0,5.0,5.0,5.0,5.0,5.0,5.0,5.0,5.0,5.0,5.0,5.0,5.0,5.0,5.0,5.0,5.0,5.0,5.0,5.0,5.0,5.0,5.0,5.0,5.0,5.0,5.0,5.0,4.0,5.0,4.0,5.0,3.0,4.0,5.0,5.0,4.0,5.0,4.0,5.0,4.0,5.0,5.0,5.0,5.0,5.0,5.0,5.0,4.0,4.0,4.0,3.0,1.0,5.0,3.0,5.0,5.0,3.0,3.0,1.0,4.0,4.0,3.0,1.0,4.0,4.0,2.0,2.0,1.0,1.0,3.0,SONA
122,Not Disclosed,19.0,Male,"6,11,18,28,23",6.0,11.0,18.0,28.0,23.0,5.0,5.0,5.0,5.0,5.0,5.0,5.0,5.0,5.0,1.0,5.0,1.0,5.0,5.0,5.0,5.0,5.0,5.0,5.0,5.0,1.0,5.0,5.0,5.0,5.0,5.0,5.0,5.0,5.0,5.0,5.0,3.0,5.0,5.0,5.0,5.0,5.0,5.0,5.0,5.0,1.0,1.0,5.0,4.0,5.0,5.0,5.0,5.0,5.0,5.0,1.0,5.0,5.0,5.0,3.0,5.0,5.0,1.0,5.0,5.0,5.0,5.0,5.0,4.0,5.0,5.0,5.0,5.0,5.0,1.0,1.0,3.0,5.0,3.0,5.0,5.0,5.0,5.0,5.0,5.0,5.0,5.0,5.0,3.0,3.0,5.0,5.0,3.0,3.0,5.0,2.0,4.0,4.0,4.0,4.0,5.0,3.0,3.0,4.0,4.0,4.0,4.0,2.0,4.0,2.0,3.0,3.0,3.0,3.0,5.0,SONA
123,Disclosed,20.0,Female,"6,9,22,24,28",6.0,9.0,22.0,24.0,28.0,5.0,5.0,5.0,5.0,5.0,5.0,5.0,5.0,5.0,5.0,5.0,5.0,5.0,5.0,5.0,5.0,5.0,5.0,5.0,5.0,5.0,5.0,5.0,5.0,5.0,5.0,5.0,5.0,5.0,5.0,5.0,5.0,5.0,5.0,5.0,5.0,5.0,5.0,3.0,4.0,5.0,3.0,5.0,5.0,5.0,5.0,4.0,5.0,4.0,5.0,1.0,3.0,5.0,5.0,5.0,5.0,4.0,5.0,5.0,5.0,5.0,5.0,5.0,5.0,5.0,5.0,5.0,5.0,5.0,5.0,5.0,5.0,5.0,5.0,5.0,5.0,5.0,5.0,5.0,5.0,5.0,5.0,5.0,5.0,5.0,5.0,5.0,5.0,5.0,5.0,4.0,3.0,3.0,4.0,2.0,3.0,2.0,4.0,4.0,3.0,4.0,3.0,4.0,2.0,4.0,3.0,4.0,3.0,4.0,2.0,SONA
124,Not Disclosed,22.0,Female,"6,9,11,13,31",6.0,9.0,11.0,13.0,31.0,4.0,4.0,4.0,4.0,4.0,4.0,5.0,5.0,5.0,2.0,4.0,2.0,4.0,4.0,4.0,4.0,4.0,4.0,5.0,4.0,4.0,4.0,4.0,4.0,5.0,5.0,5.0,4.0,4.0,4.0,4.0,2.0,2.0,4.0,4.0,4.0,4.0,4.0,4.0,4.0,4.0,2.0,2.0,4.0,4.0,2.0,2.0,2.0,5.0,2.0,4.0,4.0,4.0,2.0,4.0,5.0,4.0,2.0,4.0,2.0,4.0,4.0,4.0,4.0,4.0,4.0,4.0,4.0,4.0,4.0,4.0,4.0,4.0,4.0,4.0,4.0,4.0,4.0,4.0,4.0,4.0,4.0,4.0,4.0,4.0,4.0,4.0,4.0,4.0,4.0,4.0,4.0,4.0,4.0,4.0,4.0,2.0,2.0,2.0,2.0,4.0,4.0,2.0,4.0,2.0,2.0,4.0,2.0,2.0,4.0,SONA
125,Not Disclosed,20.0,Female,"7,13,15,26,23",7.0,13.0,15.0,26.0,23.0,5.0,5.0,5.0,5.0,5.0,5.0,5.0,5.0,5.0,5.0,5.0,5.0,5.0,5.0,5.0,5.0,5.0,5.0,5.0,5.0,5.0,5.0,5.0,5.0,5.0,5.0,5.0,5.0,5.0,5.0,5.0,5.0,5.0,5.0,5.0,5.0,5.0,5.0,5.0,5.0,5.0,5.0,5.0,5.0,5.0,5.0,5.0,5.0,5.0,5.0,5.0,5.0,5.0,5.0,5.0,5.0,5.0,5.0,5.0,5.0,5.0,5.0,5.0,5.0,5.0,5.0,5.0,5.0,5.0,5.0,5.0,5.0,5.0,5.0,5.0,5.0,5.0,5.0,5.0,5.0,5.0,5.0,5.0,5.0,5.0,5.0,5.0,5.0,5.0,5.0,1.0,3.0,5.0,1.0,4.0,3.0,1.0,5.0,5.0,5.0,2.0,2.0,1.0,4.0,5.0,2.0,1.0,1.0,5.0,5.0,SONA
126,Disclosed,24.0,Female,"20,22,28,23,36",20.0,22.0,28.0,23.0,36.0,4.0,4.0,4.0,3.0,2.0,4.0,5.0,4.0,4.0,5.0,4.0,2.0,5.0,3.0,3.0,5.0,5.0,5.0,5.0,4.0,4.0,5.0,5.0,5.0,5.0,3.0,5.0,2.0,5.0,5.0,4.0,5.0,5.0,4.0,4.0,4.0,5.0,5.0,5.0,4.0,5.0,5.0,4.0,4.0,5.0,5.0,4.0,4.0,5.0,4.0,5.0,5.0,4.0,5.0,5.0,4.0,5.0,5.0,5.0,5.0,4.0,5.0,5.0,5.0,4.0,4.0,4.0,5.0,5.0,4.0,4.0,2.0,4.0,4.0,5.0,5.0,4.0,5.0,4.0,4.0,3.0,4.0,5.0,5.0,4.0,4.0,4.0,3.0,5.0,5.0,4.0,3.0,5.0,4.0,3.0,4.0,2.0,2.0,1.0,4.0,4.0,4.0,2.0,4.0,3.0,1.0,2.0,2.0,4.0,1.0,SONA
127,Disclosed,19.0,Female,"5,21,30,31,23",5.0,21.0,30.0,31.0,23.0,4.0,4.0,5.0,5.0,5.0,5.0,4.0,4.0,5.0,3.0,5.0,3.0,3.0,4.0,4.0,3.0,5.0,4.0,4.0,5.0,5.0,5.0,4.0,3.0,5.0,5.0,5.0,3.0,5.0,4.0,5.0,3.0,5.0,5.0,4.0,5.0,5.0,5.0,5.0,4.0,5.0,3.0,4.0,4.0,4.0,3.0,5.0,3.0,5.0,4.0,4.0,5.0,3.0,4.0,4.0,5.0,5.0,4.0,5.0,4.0,5.0,4.0,5.0,5.0,4.0,4.0,5.0,4.0,5.0,4.0,5.0,4.0,4.0,4.0,4.0,3.0,5.0,3.0,4.0,5.0,4.0,5.0,4.0,4.0,4.0,5.0,5.0,4.0,5.0,4.0,4.0,3.0,3.0,3.0,5.0,3.0,4.0,1.0,4.0,4.0,4.0,5.0,3.0,4.0,1.0,4.0,4.0,2.0,3.0,2.0,SONA
128,Not Disclosed,23.0,Male,"13,19,26,29,23",13.0,19.0,26.0,29.0,23.0,4.0,5.0,4.0,5.0,5.0,5.0,4.0,4.0,4.0,5.0,3.0,4.0,4.0,3.0,4.0,5.0,5.0,5.0,4.0,5.0,4.0,5.0,4.0,5.0,5.0,4.0,3.0,3.0,4.0,5.0,5.0,5.0,5.0,5.0,5.0,5.0,5.0,5.0,5.0,5.0,5.0,5.0,5.0,5.0,5.0,5.0,5.0,5.0,5.0,5.0,5.0,5.0,5.0,5.0,5.0,5.0,5.0,5.0,5.0,5.0,4.0,5.0,4.0,3.0,3.0,4.0,4.0,3.0,2.0,4.0,5.0,1.0,4.0,2.0,3.0,4.0,2.0,5.0,5.0,4.0,5.0,5.0,4.0,4.0,4.0,4.0,4.0,1.0,5.0,5.0,2.0,5.0,5.0,4.0,5.0,4.0,5.0,3.0,5.0,4.0,5.0,4.0,5.0,5.0,2.0,4.0,2.0,5.0,2.0,4.0,SONA
129,Disclosed,20.0,Female,"1,35,24,26,36",1.0,35.0,24.0,26.0,36.0,4.0,3.0,1.0,5.0,5.0,4.0,5.0,4.0,5.0,5.0,4.0,1.0,1.0,4.0,4.0,1.0,2.0,1.0,5.0,3.0,4.0,5.0,4.0,2.0,1.0,4.0,5.0,1.0,5.0,2.0,5.0,2.0,2.0,5.0,4.0,2.0,5.0,5.0,5.0,4.0,5.0,3.0,2.0,4.0,4.0,2.0,3.0,1.0,4.0,3.0,3.0,5.0,4.0,2.0,4.0,3.0,5.0,2.0,5.0,5.0,4.0,2.0,2.0,4.0,5.0,3.0,3.0,4.0,4.0,2.0,4.0,1.0,2.0,5.0,2.0,2.0,5.0,1.0,4.0,4.0,3.0,4.0,3.0,3.0,5.0,4.0,4.0,2.0,5.0,3.0,1.0,4.0,3.0,3.0,5.0,4.0,4.0,2.0,3.0,3.0,3.0,4.0,1.0,4.0,3.0,3.0,2.0,3.0,5.0,4.0,SONA
130,Not Disclosed,23.0,Female,"6,13,15,29,23",6.0,13.0,15.0,29.0,23.0,3.0,4.0,2.0,4.0,4.0,4.0,4.0,3.0,5.0,3.0,4.0,3.0,3.0,3.0,3.0,3.0,4.0,3.0,4.0,4.0,3.0,3.0,4.0,3.0,4.0,3.0,3.0,2.0,5.0,3.0,4.0,4.0,3.0,4.0,4.0,4.0,4.0,3.0,4.0,4.0,4.0,3.0,4.0,4.0,4.0,3.0,4.0,3.0,4.0,5.0,3.0,3.0,3.0,3.0,4.0,4.0,3.0,3.0,5.0,3.0,2.0,3.0,2.0,2.0,3.0,2.0,2.0,2.0,2.0,2.0,3.0,2.0,2.0,3.0,2.0,2.0,2.0,2.0,2.0,2.0,3.0,3.0,2.0,2.0,3.0,3.0,2.0,3.0,3.0,3.0,3.0,3.0,3.0,3.0,5.0,3.0,4.0,2.0,3.0,3.0,3.0,5.0,3.0,5.0,1.0,3.0,3.0,4.0,3.0,2.0,SONA
131,Not Disclosed,21.0,Female,"7,12,13,15,19",7.0,12.0,13.0,15.0,19.0,5.0,5.0,5.0,5.0,5.0,5.0,5.0,5.0,5.0,5.0,5.0,5.0,5.0,5.0,5.0,5.0,5.0,5.0,5.0,5.0,5.0,5.0,5.0,5.0,5.0,5.0,5.0,5.0,5.0,5.0,5.0,5.0,5.0,5.0,5.0,5.0,5.0,5.0,5.0,5.0,5.0,5.0,5.0,5.0,5.0,5.0,5.0,5.0,5.0,5.0,5.0,5.0,5.0,5.0,5.0,5.0,5.0,5.0,5.0,5.0,5.0,5.0,5.0,5.0,5.0,5.0,5.0,5.0,5.0,5.0,5.0,5.0,5.0,5.0,5.0,5.0,5.0,5.0,5.0,5.0,5.0,5.0,5.0,5.0,5.0,5.0,5.0,5.0,5.0,5.0,3.0,4.0,3.0,3.0,4.0,4.0,4.0,3.0,3.0,4.0,4.0,4.0,3.0,4.0,3.0,4.0,4.0,4.0,3.0,3.0,SONA
132,Disclosed,20.0,Female,"4,14,19,24,27",4.0,14.0,19.0,24.0,27.0,4.0,4.0,3.0,4.0,4.0,4.0,4.0,4.0,4.0,4.0,4.0,4.0,4.0,4.0,4.0,4.0,4.0,4.0,4.0,4.0,5.0,3.0,4.0,3.0,3.0,4.0,4.0,4.0,3.0,4.0,4.0,4.0,4.0,4.0,4.0,5.0,4.0,4.0,3.0,4.0,4.0,4.0,4.0,4.0,5.0,4.0,4.0,3.0,4.0,4.0,4.0,3.0,4.0,4.0,4.0,3.0,4.0,3.0,4.0,4.0,4.0,4.0,4.0,4.0,4.0,4.0,4.0,4.0,3.0,4.0,4.0,3.0,4.0,4.0,4.0,5.0,4.0,3.0,4.0,4.0,4.0,3.0,3.0,4.0,3.0,3.0,4.0,4.0,4.0,4.0,4.0,3.0,4.0,3.0,5.0,4.0,4.0,4.0,3.0,5.0,5.0,4.0,4.0,4.0,2.0,5.0,4.0,4.0,3.0,5.0,SONA
133,Disclosed,20.0,Female,"9,11,13,26,29",9.0,11.0,13.0,26.0,29.0,5.0,5.0,5.0,5.0,5.0,5.0,5.0,5.0,5.0,5.0,5.0,5.0,5.0,5.0,5.0,5.0,5.0,5.0,5.0,5.0,5.0,5.0,5.0,5.0,5.0,5.0,5.0,5.0,5.0,5.0,5.0,5.0,5.0,5.0,5.0,5.0,5.0,5.0,5.0,5.0,5.0,5.0,5.0,5.0,5.0,5.0,5.0,5.0,5.0,5.0,5.0,5.0,5.0,5.0,5.0,5.0,5.0,5.0,5.0,5.0,5.0,5.0,5.0,5.0,5.0,5.0,5.0,5.0,5.0,5.0,5.0,5.0,5.0,5.0,5.0,5.0,5.0,5.0,5.0,5.0,5.0,5.0,5.0,5.0,5.0,5.0,5.0,5.0,5.0,5.0,3.0,1.0,3.0,2.0,4.0,4.0,1.0,3.0,5.0,5.0,3.0,3.0,2.0,1.0,4.0,1.0,1.0,2.0,5.0,3.0,SONA
134,Not Disclosed,21.0,Female,"1,6,11,13,28",1.0,6.0,11.0,13.0,28.0,5.0,5.0,5.0,5.0,5.0,5.0,5.0,5.0,5.0,5.0,5.0,4.0,5.0,5.0,5.0,5.0,5.0,5.0,5.0,5.0,5.0,5.0,5.0,4.0,5.0,5.0,5.0,5.0,5.0,5.0,5.0,5.0,5.0,5.0,5.0,5.0,5.0,5.0,5.0,5.0,5.0,5.0,5.0,5.0,5.0,5.0,5.0,5.0,5.0,5.0,5.0,5.0,5.0,5.0,5.0,5.0,5.0,5.0,5.0,5.0,5.0,5.0,5.0,5.0,5.0,5.0,5.0,5.0,5.0,5.0,5.0,5.0,5.0,5.0,5.0,5.0,5.0,5.0,5.0,5.0,5.0,5.0,5.0,5.0,5.0,5.0,5.0,5.0,5.0,5.0,1.0,4.0,3.0,4.0,5.0,3.0,1.0,4.0,5.0,5.0,4.0,4.0,2.0,3.0,5.0,3.0,1.0,1.0,3.0,4.0,SONA
135,Disclosed,22.0,Female,"4,11,35,25,36",4.0,11.0,35.0,25.0,36.0,4.0,5.0,5.0,5.0,5.0,5.0,5.0,4.0,4.0,4.0,5.0,4.0,5.0,4.0,4.0,5.0,5.0,4.0,5.0,5.0,4.0,3.0,3.0,4.0,5.0,5.0,4.0,4.0,5.0,5.0,5.0,4.0,5.0,4.0,5.0,5.0,4.0,4.0,5.0,4.0,4.0,2.0,5.0,4.0,5.0,4.0,3.0,4.0,5.0,4.0,4.0,3.0,5.0,5.0,4.0,3.0,4.0,5.0,4.0,4.0,5.0,5.0,4.0,4.0,5.0,4.0,5.0,4.0,5.0,4.0,4.0,4.0,4.0,4.0,4.0,5.0,5.0,4.0,5.0,4.0,5.0,5.0,3.0,5.0,4.0,3.0,4.0,4.0,5.0,5.0,1.0,3.0,4.0,3.0,2.0,3.0,2.0,4.0,4.0,5.0,3.0,2.0,1.0,4.0,2.0,2.0,3.0,2.0,3.0,4.0,SONA
136,Not Disclosed,18.0,Male,"6,7,9,11,18",6.0,7.0,9.0,11.0,18.0,4.0,3.0,4.0,5.0,4.0,5.0,4.0,4.0,4.0,5.0,5.0,1.0,3.0,5.0,5.0,5.0,5.0,3.0,5.0,4.0,3.0,1.0,4.0,4.0,4.0,5.0,5.0,1.0,4.0,3.0,5.0,4.0,4.0,3.0,4.0,4.0,3.0,4.0,4.0,2.0,2.0,2.0,5.0,5.0,4.0,4.0,5.0,2.0,4.0,4.0,3.0,1.0,3.0,5.0,4.0,4.0,4.0,1.0,4.0,4.0,5.0,3.0,4.0,4.0,2.0,4.0,4.0,5.0,4.0,1.0,1.0,1.0,5.0,5.0,4.0,4.0,4.0,3.0,4.0,4.0,3.0,1.0,5.0,5.0,4.0,4.0,4.0,4.0,1.0,4.0,2.0,4.0,4.0,2.0,3.0,4.0,2.0,3.0,3.0,3.0,4.0,3.0,3.0,4.0,1.0,3.0,5.0,3.0,3.0,2.0,SONA
137,Disclosed,21.0,Female,"9,13,15,26,23",9.0,13.0,15.0,26.0,23.0,5.0,2.0,2.0,4.0,4.0,4.0,4.0,4.0,4.0,4.0,5.0,2.0,3.0,2.0,4.0,2.0,4.0,4.0,4.0,4.0,4.0,5.0,2.0,4.0,4.0,2.0,4.0,2.0,5.0,2.0,5.0,2.0,2.0,5.0,4.0,4.0,5.0,5.0,5.0,4.0,5.0,2.0,2.0,4.0,4.0,3.0,4.0,1.0,5.0,4.0,4.0,5.0,4.0,2.0,4.0,4.0,4.0,2.0,5.0,3.0,5.0,4.0,2.0,4.0,5.0,4.0,5.0,4.0,4.0,2.0,5.0,2.0,2.0,4.0,2.0,2.0,5.0,4.0,5.0,4.0,4.0,4.0,2.0,4.0,4.0,2.0,4.0,2.0,5.0,2.0,1.0,3.0,3.0,3.0,4.0,4.0,3.0,2.0,2.0,4.0,4.0,4.0,2.0,4.0,4.0,2.0,3.0,3.0,3.0,2.0,SONA
138,Disclosed,24.0,Female,"5,12,13,22,26",5.0,12.0,13.0,22.0,26.0,4.0,4.0,4.0,4.0,4.0,4.0,4.0,4.0,4.0,4.0,4.0,4.0,4.0,4.0,4.0,4.0,4.0,4.0,4.0,4.0,4.0,4.0,4.0,4.0,4.0,4.0,4.0,4.0,4.0,4.0,4.0,4.0,4.0,4.0,4.0,4.0,4.0,4.0,4.0,4.0,4.0,4.0,4.0,4.0,4.0,4.0,4.0,4.0,4.0,4.0,4.0,4.0,4.0,4.0,4.0,4.0,4.0,4.0,4.0,4.0,4.0,4.0,4.0,4.0,4.0,4.0,4.0,4.0,4.0,4.0,4.0,4.0,4.0,5.0,4.0,4.0,4.0,4.0,4.0,4.0,4.0,4.0,4.0,4.0,4.0,4.0,4.0,4.0,4.0,4.0,2.0,4.0,2.0,3.0,4.0,3.0,4.0,2.0,3.0,3.0,2.0,4.0,2.0,4.0,2.0,4.0,2.0,4.0,3.0,2.0,SONA
139,Not Disclosed,19.0,Female,"7,11,13,24,29",7.0,11.0,13.0,24.0,29.0,3.0,3.0,2.0,5.0,4.0,5.0,4.0,3.0,5.0,4.0,5.0,2.0,5.0,4.0,2.0,2.0,5.0,3.0,4.0,5.0,3.0,4.0,4.0,3.0,5.0,3.0,5.0,1.0,4.0,2.0,5.0,3.0,2.0,5.0,5.0,5.0,5.0,4.0,5.0,3.0,4.0,1.0,2.0,5.0,4.0,3.0,2.0,2.0,5.0,4.0,4.0,3.0,3.0,4.0,5.0,4.0,4.0,2.0,5.0,4.0,5.0,2.0,2.0,5.0,4.0,4.0,5.0,5.0,5.0,5.0,5.0,2.0,3.0,4.0,2.0,4.0,5.0,4.0,5.0,4.0,5.0,5.0,3.0,2.0,5.0,4.0,3.0,3.0,5.0,3.0,3.0,5.0,2.0,2.0,4.0,3.0,5.0,1.0,2.0,4.0,4.0,5.0,4.0,5.0,1.0,5.0,4.0,5.0,1.0,4.0,SONA
140,Disclosed,22.0,Male,"4,7,18,19,25",4.0,7.0,18.0,19.0,25.0,4.0,4.0,4.0,4.0,4.0,4.0,4.0,4.0,4.0,4.0,4.0,4.0,4.0,4.0,4.0,4.0,4.0,4.0,4.0,4.0,4.0,4.0,4.0,4.0,4.0,4.0,4.0,4.0,4.0,4.0,3.0,4.0,4.0,3.0,4.0,3.0,3.0,4.0,3.0,3.0,3.0,4.0,3.0,3.0,3.0,3.0,4.0,2.0,4.0,4.0,4.0,2.0,3.0,2.0,3.0,3.0,4.0,3.0,2.0,2.0,5.0,5.0,5.0,4.0,5.0,5.0,5.0,5.0,5.0,5.0,5.0,5.0,5.0,5.0,5.0,5.0,5.0,5.0,5.0,5.0,5.0,5.0,5.0,4.0,5.0,5.0,5.0,5.0,5.0,5.0,1.0,4.0,5.0,2.0,5.0,2.0,2.0,4.0,5.0,5.0,3.0,3.0,1.0,4.0,5.0,1.0,5.0,2.0,5.0,5.0,SONA
141,Disclosed,20.0,Female,"5,6,11,13,18",5.0,6.0,11.0,13.0,18.0,5.0,5.0,5.0,5.0,5.0,5.0,5.0,5.0,5.0,5.0,5.0,5.0,5.0,5.0,5.0,5.0,5.0,5.0,5.0,5.0,5.0,5.0,5.0,5.0,5.0,5.0,5.0,5.0,5.0,5.0,5.0,5.0,5.0,5.0,5.0,5.0,5.0,5.0,5.0,5.0,5.0,5.0,5.0,5.0,5.0,5.0,5.0,4.0,5.0,5.0,5.0,5.0,5.0,5.0,5.0,5.0,5.0,5.0,5.0,4.0,5.0,5.0,5.0,5.0,5.0,5.0,5.0,5.0,5.0,5.0,5.0,5.0,5.0,5.0,5.0,5.0,5.0,4.0,5.0,5.0,5.0,4.0,5.0,5.0,5.0,5.0,5.0,5.0,5.0,5.0,2.0,4.0,3.0,3.0,4.0,4.0,3.0,3.0,4.0,2.0,4.0,4.0,2.0,4.0,2.0,2.0,4.0,2.0,3.0,5.0,SONA
142,Not Disclosed,18.0,Male,"1,4,7,11,26",1.0,4.0,7.0,11.0,26.0,5.0,5.0,4.0,5.0,5.0,4.0,5.0,5.0,5.0,4.0,5.0,5.0,5.0,4.0,4.0,5.0,4.0,4.0,4.0,5.0,4.0,5.0,4.0,4.0,4.0,4.0,5.0,5.0,4.0,5.0,5.0,5.0,5.0,4.0,4.0,5.0,4.0,4.0,4.0,5.0,4.0,4.0,4.0,5.0,5.0,4.0,5.0,5.0,4.0,4.0,5.0,4.0,5.0,4.0,5.0,4.0,5.0,5.0,5.0,4.0,5.0,5.0,4.0,5.0,5.0,4.0,5.0,5.0,4.0,4.0,5.0,4.0,5.0,5.0,4.0,4.0,5.0,4.0,5.0,4.0,5.0,5.0,5.0,5.0,4.0,4.0,5.0,5.0,5.0,4.0,4.0,4.0,2.0,2.0,4.0,3.0,4.0,1.0,2.0,2.0,4.0,5.0,4.0,4.0,2.0,4.0,4.0,4.0,4.0,2.0,SONA
143,Disclosed,21.0,Male,"11,13,14,20,32",11.0,13.0,14.0,20.0,32.0,3.0,3.0,3.0,3.0,4.0,3.0,3.0,3.0,3.0,3.0,3.0,3.0,3.0,3.0,3.0,3.0,3.0,3.0,4.0,3.0,5.0,4.0,3.0,3.0,3.0,5.0,3.0,4.0,3.0,4.0,4.0,5.0,3.0,2.0,4.0,5.0,4.0,4.0,4.0,5.0,4.0,3.0,5.0,4.0,3.0,3.0,3.0,3.0,4.0,3.0,3.0,3.0,3.0,4.0,3.0,4.0,4.0,4.0,3.0,3.0,4.0,3.0,3.0,4.0,3.0,3.0,3.0,4.0,5.0,4.0,4.0,4.0,4.0,4.0,4.0,4.0,4.0,4.0,5.0,3.0,4.0,4.0,4.0,4.0,4.0,3.0,4.0,4.0,4.0,4.0,3.0,5.0,4.0,3.0,5.0,3.0,3.0,1.0,3.0,2.0,3.0,5.0,1.0,4.0,1.0,4.0,4.0,3.0,1.0,3.0,SONA
144,Not Disclosed,19.0,Female,"9,11,13,28,31",9.0,11.0,13.0,28.0,31.0,5.0,5.0,5.0,5.0,5.0,5.0,5.0,5.0,5.0,5.0,5.0,5.0,5.0,5.0,5.0,4.0,5.0,4.0,5.0,5.0,5.0,4.0,5.0,5.0,5.0,5.0,5.0,5.0,5.0,5.0,5.0,5.0,5.0,5.0,5.0,4.0,5.0,5.0,5.0,5.0,5.0,5.0,5.0,5.0,5.0,4.0,5.0,4.0,5.0,5.0,5.0,5.0,4.0,5.0,5.0,5.0,5.0,4.0,5.0,5.0,5.0,5.0,5.0,5.0,5.0,5.0,5.0,5.0,5.0,5.0,5.0,5.0,5.0,5.0,5.0,4.0,5.0,4.0,5.0,5.0,5.0,4.0,5.0,5.0,5.0,5.0,5.0,5.0,5.0,5.0,1.0,4.0,3.0,2.0,5.0,4.0,2.0,4.0,4.0,5.0,3.0,2.0,2.0,4.0,4.0,1.0,3.0,1.0,2.0,4.0,SONA
145,Not Disclosed,21.0,Male,"6,11,26,30,23",6.0,11.0,26.0,30.0,23.0,2.0,2.0,1.0,4.0,3.0,3.0,4.0,3.0,4.0,3.0,4.0,3.0,2.0,1.0,3.0,3.0,3.0,5.0,4.0,3.0,4.0,4.0,4.0,3.0,4.0,3.0,4.0,2.0,4.0,3.0,4.0,4.0,2.0,4.0,4.0,4.0,4.0,4.0,4.0,3.0,4.0,2.0,4.0,4.0,4.0,3.0,4.0,4.0,4.0,4.0,4.0,4.0,4.0,3.0,4.0,4.0,4.0,4.0,5.0,4.0,4.0,4.0,4.0,4.0,4.0,4.0,4.0,4.0,4.0,4.0,4.0,3.0,4.0,4.0,3.0,3.0,4.0,4.0,4.0,4.0,4.0,5.0,3.0,4.0,4.0,4.0,4.0,4.0,5.0,4.0,1.0,4.0,5.0,4.0,5.0,2.0,4.0,3.0,4.0,4.0,4.0,4.0,3.0,4.0,4.0,2.0,3.0,4.0,4.0,1.0,SONA
146,Disclosed,18.0,Other,"9,22,25,26,31",9.0,22.0,25.0,26.0,31.0,4.0,4.0,4.0,4.0,4.0,5.0,4.0,4.0,4.0,4.0,4.0,4.0,4.0,3.0,4.0,3.0,4.0,5.0,4.0,4.0,4.0,5.0,4.0,4.0,4.0,4.0,4.0,4.0,4.0,4.0,4.0,4.0,3.0,4.0,4.0,4.0,5.0,4.0,4.0,5.0,4.0,3.0,4.0,4.0,4.0,3.0,3.0,4.0,4.0,4.0,4.0,5.0,4.0,4.0,4.0,4.0,4.0,3.0,3.0,4.0,4.0,4.0,4.0,4.0,4.0,3.0,4.0,4.0,4.0,4.0,4.0,4.0,3.0,4.0,4.0,4.0,3.0,4.0,5.0,5.0,4.0,4.0,4.0,4.0,4.0,4.0,4.0,4.0,3.0,4.0,3.0,4.0,4.0,2.0,4.0,2.0,2.0,3.0,2.0,5.0,4.0,4.0,2.0,4.0,4.0,2.0,4.0,1.0,4.0,3.0,SONA
147,Not Disclosed,26.0,Prefer not to say,"4,7,13,14,23",4.0,7.0,13.0,14.0,23.0,5.0,5.0,5.0,5.0,5.0,5.0,5.0,5.0,5.0,5.0,5.0,5.0,5.0,5.0,5.0,5.0,5.0,5.0,5.0,5.0,5.0,5.0,5.0,5.0,5.0,5.0,5.0,5.0,5.0,5.0,5.0,5.0,5.0,5.0,5.0,5.0,5.0,5.0,5.0,5.0,5.0,5.0,5.0,5.0,5.0,5.0,5.0,5.0,5.0,5.0,5.0,5.0,5.0,5.0,5.0,5.0,5.0,5.0,5.0,5.0,5.0,5.0,5.0,5.0,5.0,5.0,5.0,5.0,5.0,5.0,5.0,5.0,5.0,5.0,5.0,5.0,5.0,5.0,5.0,5.0,5.0,5.0,5.0,5.0,5.0,5.0,5.0,5.0,5.0,5.0,2.0,3.0,4.0,3.0,3.0,4.0,2.0,4.0,4.0,4.0,3.0,2.0,2.0,4.0,5.0,2.0,1.0,3.0,3.0,4.0,SONA
148,Disclosed,23.0,Male,"1,5,7,15,19",1.0,5.0,7.0,15.0,19.0,5.0,5.0,5.0,5.0,5.0,5.0,5.0,5.0,5.0,5.0,5.0,5.0,5.0,5.0,5.0,5.0,5.0,5.0,5.0,5.0,5.0,5.0,5.0,5.0,5.0,5.0,5.0,5.0,5.0,5.0,5.0,5.0,5.0,5.0,5.0,5.0,5.0,5.0,5.0,5.0,5.0,5.0,5.0,5.0,5.0,5.0,5.0,5.0,5.0,5.0,5.0,5.0,5.0,5.0,5.0,5.0,5.0,5.0,5.0,5.0,5.0,5.0,5.0,5.0,5.0,5.0,5.0,5.0,5.0,5.0,5.0,5.0,5.0,5.0,5.0,5.0,5.0,5.0,5.0,5.0,5.0,5.0,5.0,5.0,5.0,5.0,5.0,5.0,5.0,5.0,1.0,5.0,4.0,4.0,5.0,3.0,4.0,2.0,4.0,4.0,4.0,4.0,2.0,5.0,3.0,2.0,3.0,4.0,4.0,4.0,SONA
149,Disclosed,20.0,Male,"4,20,22,29,23",4.0,20.0,22.0,29.0,23.0,4.0,5.0,1.0,4.0,2.0,5.0,5.0,3.0,5.0,1.0,3.0,1.0,4.0,2.0,4.0,5.0,5.0,4.0,4.0,5.0,3.0,3.0,4.0,3.0,4.0,3.0,4.0,5.0,5.0,4.0,5.0,4.0,1.0,4.0,5.0,5.0,5.0,5.0,5.0,5.0,5.0,1.0,4.0,1.0,5.0,5.0,4.0,4.0,4.0,5.0,5.0,5.0,3.0,4.0,5.0,5.0,5.0,4.0,5.0,4.0,4.0,4.0,1.0,4.0,5.0,4.0,5.0,4.0,4.0,4.0,3.0,1.0,4.0,2.0,5.0,5.0,5.0,5.0,5.0,4.0,4.0,5.0,4.0,3.0,5.0,5.0,4.0,1.0,5.0,5.0,3.0,1.0,2.0,2.0,4.0,2.0,3.0,2.0,3.0,3.0,4.0,4.0,4.0,4.0,2.0,4.0,3.0,4.0,4.0,3.0,SONA
150,Not Disclosed,22.0,Female,"6,28,29,30,31",6.0,28.0,29.0,30.0,31.0,4.0,4.0,4.0,4.0,4.0,3.0,4.0,4.0,4.0,4.0,4.0,3.0,4.0,3.0,3.0,2.0,3.0,3.0,4.0,4.0,4.0,3.0,4.0,4.0,4.0,4.0,4.0,2.0,4.0,4.0,4.0,3.0,4.0,4.0,3.0,4.0,4.0,4.0,4.0,4.0,4.0,3.0,3.0,4.0,3.0,2.0,4.0,4.0,3.0,2.0,4.0,3.0,3.0,4.0,4.0,3.0,4.0,2.0,4.0,3.0,4.0,4.0,5.0,4.0,3.0,4.0,4.0,4.0,5.0,4.0,4.0,2.0,3.0,4.0,3.0,3.0,3.0,3.0,3.0,4.0,3.0,3.0,2.0,3.0,3.0,4.0,4.0,3.0,4.0,4.0,2.0,4.0,5.0,3.0,4.0,4.0,3.0,3.0,2.0,4.0,4.0,3.0,3.0,5.0,4.0,2.0,5.0,3.0,4.0,4.0,SONA
151,Disclosed,21.0,Female,"13,29,30,31,23",13.0,29.0,30.0,31.0,23.0,4.0,4.0,4.0,4.0,4.0,4.0,4.0,4.0,4.0,4.0,4.0,4.0,4.0,4.0,4.0,5.0,5.0,5.0,5.0,5.0,5.0,5.0,5.0,5.0,5.0,5.0,5.0,5.0,5.0,5.0,5.0,3.0,3.0,5.0,5.0,5.0,5.0,5.0,5.0,4.0,5.0,3.0,4.0,5.0,4.0,4.0,4.0,3.0,5.0,4.0,5.0,5.0,5.0,3.0,5.0,4.0,5.0,3.0,5.0,4.0,4.0,3.0,3.0,4.0,4.0,4.0,4.0,5.0,5.0,4.0,4.0,3.0,3.0,4.0,4.0,5.0,5.0,4.0,5.0,4.0,5.0,4.0,5.0,4.0,5.0,5.0,5.0,3.0,5.0,5.0,3.0,3.0,3.0,3.0,5.0,3.0,3.0,2.0,3.0,4.0,3.0,4.0,3.0,4.0,3.0,3.0,3.0,3.0,2.0,3.0,SONA
152,Not Disclosed,19.0,Female,"9,18,27,29,23",9.0,18.0,27.0,29.0,23.0,5.0,5.0,5.0,5.0,5.0,5.0,5.0,5.0,5.0,5.0,5.0,5.0,5.0,5.0,5.0,5.0,5.0,5.0,5.0,5.0,5.0,5.0,5.0,5.0,5.0,5.0,5.0,5.0,5.0,5.0,5.0,5.0,5.0,5.0,5.0,5.0,5.0,5.0,5.0,5.0,5.0,5.0,5.0,5.0,5.0,5.0,5.0,5.0,5.0,5.0,5.0,5.0,5.0,5.0,5.0,5.0,5.0,5.0,5.0,5.0,5.0,5.0,5.0,5.0,5.0,5.0,5.0,5.0,5.0,5.0,5.0,5.0,5.0,5.0,5.0,5.0,5.0,5.0,5.0,5.0,5.0,5.0,5.0,5.0,5.0,5.0,5.0,5.0,5.0,5.0,3.0,4.0,3.0,3.0,4.0,3.0,3.0,2.0,3.0,3.0,4.0,4.0,3.0,3.0,2.0,3.0,4.0,3.0,2.0,2.0,SONA
153,Disclosed,21.0,Female,"6,9,11,29,23",6.0,9.0,11.0,29.0,23.0,4.0,2.0,3.0,5.0,4.0,5.0,5.0,4.0,5.0,4.0,4.0,2.0,4.0,2.0,4.0,2.0,4.0,4.0,5.0,4.0,4.0,4.0,4.0,3.0,5.0,3.0,5.0,2.0,5.0,5.0,5.0,2.0,1.0,5.0,4.0,5.0,5.0,5.0,5.0,5.0,5.0,1.0,1.0,5.0,2.0,2.0,1.0,1.0,5.0,5.0,5.0,5.0,5.0,1.0,5.0,5.0,5.0,1.0,5.0,5.0,4.0,2.0,1.0,2.0,2.0,5.0,5.0,4.0,5.0,5.0,5.0,4.0,1.0,4.0,2.0,3.0,4.0,4.0,5.0,5.0,5.0,4.0,4.0,1.0,4.0,5.0,4.0,2.0,5.0,3.0,1.0,4.0,4.0,2.0,5.0,4.0,4.0,4.0,2.0,2.0,4.0,4.0,2.0,5.0,3.0,2.0,2.0,4.0,4.0,2.0,SONA
154,Not Disclosed,20.0,Male,"7,9,35,24,31",7.0,9.0,35.0,24.0,31.0,3.0,4.0,2.0,5.0,4.0,4.0,5.0,5.0,5.0,5.0,5.0,2.0,4.0,1.0,4.0,4.0,4.0,4.0,4.0,4.0,5.0,3.0,4.0,2.0,4.0,4.0,4.0,4.0,5.0,2.0,4.0,4.0,4.0,4.0,5.0,5.0,5.0,5.0,5.0,4.0,4.0,4.0,4.0,2.0,5.0,4.0,2.0,4.0,4.0,5.0,5.0,3.0,5.0,5.0,5.0,5.0,5.0,1.0,5.0,4.0,5.0,5.0,4.0,4.0,5.0,4.0,5.0,5.0,5.0,5.0,4.0,4.0,4.0,4.0,4.0,4.0,2.0,4.0,4.0,4.0,5.0,3.0,4.0,4.0,5.0,4.0,4.0,3.0,4.0,2.0,2.0,4.0,3.0,4.0,5.0,3.0,4.0,2.0,2.0,3.0,4.0,4.0,3.0,4.0,2.0,3.0,2.0,4.0,4.0,2.0,SONA
155,Disclosed,18.0,Female,"5,6,14,17,27",5.0,6.0,14.0,17.0,27.0,3.0,3.0,3.0,2.0,3.0,5.0,3.0,3.0,2.0,3.0,4.0,3.0,4.0,2.0,3.0,4.0,4.0,4.0,1.0,4.0,3.0,3.0,3.0,3.0,4.0,2.0,3.0,3.0,5.0,3.0,5.0,3.0,3.0,5.0,4.0,4.0,3.0,3.0,3.0,3.0,2.0,4.0,2.0,4.0,2.0,4.0,3.0,3.0,4.0,3.0,3.0,4.0,2.0,3.0,4.0,4.0,2.0,2.0,3.0,4.0,3.0,3.0,3.0,3.0,4.0,2.0,3.0,4.0,4.0,4.0,3.0,4.0,3.0,2.0,3.0,4.0,2.0,3.0,4.0,3.0,3.0,3.0,3.0,3.0,2.0,4.0,4.0,3.0,2.0,4.0,4.0,2.0,3.0,4.0,2.0,4.0,4.0,3.0,3.0,4.0,2.0,2.0,4.0,3.0,4.0,4.0,4.0,3.0,4.0,3.0,SONA
156,Disclosed,20.0,Female,"4,19,28,29,31",4.0,19.0,28.0,29.0,31.0,4.0,4.0,4.0,5.0,5.0,4.0,4.0,5.0,4.0,5.0,4.0,4.0,4.0,4.0,5.0,4.0,5.0,4.0,5.0,5.0,5.0,4.0,5.0,4.0,5.0,4.0,5.0,4.0,5.0,5.0,4.0,5.0,5.0,4.0,5.0,5.0,5.0,5.0,5.0,4.0,4.0,2.0,4.0,4.0,4.0,5.0,4.0,4.0,5.0,4.0,5.0,4.0,4.0,5.0,4.0,4.0,4.0,5.0,5.0,4.0,5.0,5.0,4.0,4.0,4.0,5.0,5.0,4.0,4.0,4.0,4.0,5.0,2.0,4.0,5.0,5.0,5.0,4.0,5.0,4.0,4.0,4.0,5.0,5.0,4.0,5.0,4.0,5.0,4.0,4.0,4.0,5.0,4.0,4.0,5.0,3.0,4.0,2.0,3.0,4.0,4.0,5.0,4.0,2.0,2.0,4.0,2.0,4.0,2.0,4.0,SONA
157,Not Disclosed,24.0,Female,"6,15,16,35,30",6.0,15.0,16.0,35.0,30.0,5.0,3.0,2.0,5.0,5.0,5.0,5.0,5.0,5.0,4.0,5.0,4.0,3.0,4.0,4.0,5.0,4.0,3.0,5.0,4.0,4.0,5.0,4.0,3.0,5.0,4.0,5.0,4.0,5.0,4.0,5.0,4.0,4.0,5.0,5.0,5.0,5.0,5.0,5.0,5.0,5.0,4.0,4.0,5.0,5.0,5.0,5.0,3.0,5.0,5.0,5.0,5.0,5.0,4.0,5.0,5.0,5.0,3.0,5.0,5.0,5.0,5.0,4.0,5.0,5.0,5.0,5.0,5.0,5.0,5.0,5.0,4.0,4.0,5.0,4.0,5.0,5.0,4.0,5.0,5.0,5.0,5.0,5.0,5.0,5.0,5.0,5.0,4.0,5.0,5.0,1.0,4.0,5.0,3.0,2.0,5.0,3.0,4.0,3.0,5.0,4.0,3.0,2.0,3.0,5.0,2.0,3.0,1.0,4.0,4.0,SONA
158,Not Disclosed,21.0,Female,"6,13,30,31,23",6.0,13.0,30.0,31.0,23.0,4.0,4.0,5.0,5.0,4.0,4.0,4.0,3.0,5.0,3.0,4.0,3.0,4.0,3.0,4.0,4.0,5.0,2.0,4.0,4.0,4.0,5.0,5.0,4.0,5.0,5.0,5.0,5.0,5.0,5.0,5.0,4.0,5.0,5.0,5.0,5.0,5.0,5.0,5.0,4.0,5.0,4.0,2.0,4.0,5.0,5.0,5.0,3.0,5.0,4.0,5.0,5.0,5.0,4.0,5.0,5.0,5.0,3.0,5.0,5.0,4.0,4.0,5.0,4.0,5.0,5.0,5.0,4.0,5.0,4.0,5.0,2.0,4.0,5.0,4.0,3.0,5.0,5.0,5.0,5.0,4.0,5.0,5.0,4.0,5.0,5.0,5.0,4.0,5.0,5.0,1.0,1.0,5.0,1.0,2.0,5.0,1.0,5.0,5.0,5.0,1.0,1.0,1.0,1.0,5.0,1.0,1.0,1.0,5.0,4.0,SONA
159,Disclosed,20.0,Male,"9,13,17,22,23",9.0,13.0,17.0,22.0,23.0,5.0,5.0,5.0,5.0,5.0,5.0,5.0,5.0,5.0,5.0,5.0,5.0,5.0,5.0,5.0,5.0,5.0,5.0,5.0,5.0,5.0,5.0,5.0,5.0,5.0,5.0,5.0,5.0,5.0,5.0,5.0,5.0,5.0,5.0,5.0,5.0,5.0,5.0,5.0,5.0,5.0,5.0,5.0,5.0,5.0,5.0,5.0,5.0,5.0,5.0,5.0,5.0,5.0,5.0,5.0,5.0,5.0,5.0,5.0,5.0,5.0,5.0,5.0,5.0,5.0,5.0,5.0,5.0,5.0,5.0,5.0,2.0,4.0,3.0,5.0,5.0,5.0,5.0,5.0,5.0,5.0,5.0,5.0,3.0,4.0,5.0,5.0,5.0,5.0,5.0,1.0,5.0,4.0,5.0,5.0,3.0,4.0,1.0,2.0,4.0,5.0,5.0,4.0,5.0,2.0,4.0,4.0,5.0,3.0,5.0,SONA
160,Not Disclosed,21.0,Female,"19,35,28,29,30",19.0,35.0,28.0,29.0,30.0,5.0,5.0,5.0,5.0,5.0,5.0,5.0,5.0,5.0,5.0,5.0,5.0,5.0,5.0,5.0,5.0,5.0,2.0,5.0,5.0,2.0,5.0,5.0,5.0,5.0,5.0,5.0,5.0,5.0,5.0,5.0,3.0,5.0,4.0,5.0,4.0,4.0,4.0,4.0,5.0,5.0,5.0,5.0,4.0,4.0,5.0,4.0,5.0,5.0,5.0,4.0,5.0,5.0,5.0,4.0,5.0,5.0,4.0,5.0,5.0,3.0,4.0,5.0,4.0,5.0,5.0,5.0,5.0,5.0,4.0,4.0,5.0,3.0,3.0,5.0,5.0,5.0,2.0,5.0,5.0,5.0,5.0,4.0,5.0,5.0,5.0,5.0,5.0,5.0,5.0,5.0,5.0,4.0,5.0,5.0,3.0,5.0,1.0,1.0,1.0,4.0,5.0,5.0,5.0,1.0,5.0,5.0,5.0,1.0,1.0,SONA
161,Not Disclosed,22.0,Male,"6,11,12,28,29",6.0,11.0,12.0,28.0,29.0,5.0,4.0,5.0,5.0,4.0,5.0,4.0,4.0,5.0,4.0,4.0,4.0,5.0,4.0,4.0,4.0,4.0,4.0,5.0,5.0,4.0,4.0,4.0,4.0,4.0,4.0,5.0,4.0,5.0,4.0,4.0,4.0,5.0,5.0,4.0,5.0,4.0,4.0,4.0,4.0,4.0,4.0,4.0,4.0,4.0,3.0,5.0,4.0,4.0,5.0,4.0,4.0,4.0,4.0,4.0,4.0,5.0,4.0,4.0,4.0,4.0,3.0,4.0,4.0,4.0,4.0,5.0,4.0,5.0,4.0,4.0,2.0,4.0,4.0,4.0,2.0,4.0,4.0,4.0,4.0,4.0,3.0,4.0,3.0,4.0,5.0,5.0,4.0,4.0,4.0,4.0,4.0,5.0,4.0,4.0,4.0,4.0,3.0,2.0,3.0,4.0,4.0,5.0,5.0,3.0,3.0,4.0,5.0,2.0,3.0,SONA
162,Not Disclosed,21.0,Other,"9,22,27,29,30",9.0,22.0,27.0,29.0,30.0,2.0,4.0,4.0,2.0,2.0,4.0,2.0,2.0,2.0,2.0,2.0,2.0,4.0,2.0,4.0,4.0,4.0,2.0,2.0,4.0,2.0,2.0,4.0,4.0,2.0,2.0,2.0,2.0,2.0,2.0,4.0,2.0,4.0,4.0,2.0,4.0,2.0,2.0,2.0,2.0,2.0,2.0,2.0,2.0,4.0,3.0,2.0,4.0,2.0,2.0,2.0,2.0,4.0,2.0,2.0,2.0,2.0,2.0,4.0,2.0,4.0,4.0,4.0,2.0,2.0,2.0,2.0,4.0,4.0,2.0,2.0,2.0,2.0,4.0,2.0,4.0,4.0,2.0,2.0,2.0,4.0,4.0,4.0,4.0,4.0,2.0,2.0,4.0,4.0,4.0,2.0,4.0,4.0,4.0,4.0,3.0,3.0,2.0,2.0,2.0,4.0,4.0,3.0,4.0,2.0,4.0,4.0,4.0,3.0,2.0,SONA
163,Not Disclosed,21.0,Male,"1,5,7,12,22",1.0,5.0,7.0,12.0,22.0,5.0,5.0,5.0,5.0,5.0,5.0,5.0,5.0,5.0,5.0,5.0,5.0,5.0,5.0,5.0,5.0,5.0,5.0,5.0,5.0,5.0,5.0,5.0,5.0,5.0,5.0,5.0,5.0,5.0,5.0,5.0,4.0,5.0,5.0,5.0,5.0,5.0,5.0,5.0,5.0,5.0,5.0,5.0,5.0,5.0,5.0,5.0,5.0,5.0,5.0,5.0,5.0,5.0,5.0,5.0,5.0,5.0,5.0,5.0,5.0,5.0,5.0,5.0,5.0,5.0,5.0,5.0,5.0,5.0,5.0,5.0,5.0,5.0,5.0,5.0,5.0,5.0,5.0,5.0,5.0,5.0,5.0,5.0,5.0,5.0,5.0,5.0,5.0,5.0,5.0,2.0,3.0,5.0,3.0,4.0,3.0,4.0,3.0,3.0,3.0,4.0,5.0,1.0,4.0,3.0,1.0,4.0,1.0,3.0,5.0,SONA
164,Disclosed,20.0,Female,"12,18,19,35,29",12.0,18.0,19.0,35.0,29.0,5.0,4.0,4.0,5.0,5.0,5.0,5.0,5.0,5.0,5.0,5.0,1.0,5.0,5.0,4.0,4.0,5.0,4.0,5.0,5.0,5.0,5.0,5.0,5.0,5.0,5.0,5.0,1.0,5.0,4.0,5.0,4.0,4.0,5.0,5.0,5.0,5.0,5.0,5.0,5.0,5.0,1.0,5.0,5.0,5.0,4.0,5.0,2.0,5.0,5.0,5.0,5.0,5.0,4.0,5.0,5.0,5.0,1.0,5.0,4.0,5.0,5.0,4.0,5.0,5.0,5.0,5.0,5.0,5.0,5.0,5.0,5.0,5.0,5.0,5.0,5.0,5.0,5.0,5.0,5.0,5.0,5.0,5.0,4.0,5.0,5.0,5.0,4.0,5.0,5.0,1.0,2.0,5.0,1.0,4.0,4.0,1.0,5.0,5.0,5.0,1.0,2.0,4.0,2.0,5.0,4.0,1.0,1.0,5.0,5.0,SONA
165,Disclosed,21.0,Female,"9,13,15,22,30",9.0,13.0,15.0,22.0,30.0,2.0,5.0,2.0,5.0,5.0,4.0,5.0,4.0,5.0,3.0,4.0,2.0,2.0,3.0,4.0,2.0,2.0,2.0,5.0,4.0,4.0,4.0,4.0,4.0,5.0,5.0,5.0,2.0,2.0,2.0,4.0,2.0,5.0,5.0,4.0,4.0,5.0,4.0,5.0,4.0,5.0,2.0,2.0,2.0,5.0,2.0,2.0,2.0,5.0,4.0,2.0,4.0,5.0,5.0,4.0,5.0,5.0,2.0,2.0,4.0,2.0,2.0,4.0,5.0,5.0,4.0,4.0,4.0,4.0,4.0,4.0,2.0,2.0,2.0,4.0,2.0,1.0,2.0,4.0,4.0,2.0,5.0,4.0,5.0,5.0,5.0,4.0,2.0,2.0,2.0,1.0,4.0,2.0,3.0,4.0,3.0,1.0,1.0,2.0,2.0,4.0,3.0,1.0,4.0,1.0,2.0,1.0,2.0,2.0,2.0,SONA
166,Not Disclosed,23.0,Female,"5,9,13,15,18",5.0,9.0,13.0,15.0,18.0,5.0,5.0,5.0,5.0,5.0,5.0,5.0,5.0,5.0,5.0,5.0,5.0,5.0,5.0,5.0,5.0,5.0,5.0,5.0,5.0,5.0,5.0,5.0,5.0,5.0,5.0,5.0,5.0,5.0,5.0,5.0,5.0,5.0,5.0,5.0,5.0,5.0,5.0,5.0,5.0,5.0,5.0,5.0,5.0,5.0,5.0,5.0,5.0,5.0,5.0,5.0,5.0,5.0,5.0,5.0,5.0,5.0,5.0,5.0,5.0,5.0,5.0,5.0,5.0,5.0,5.0,5.0,5.0,5.0,5.0,5.0,5.0,5.0,5.0,5.0,5.0,5.0,5.0,5.0,5.0,5.0,5.0,5.0,5.0,5.0,5.0,5.0,5.0,5.0,5.0,1.0,4.0,3.0,3.0,5.0,2.0,1.0,3.0,4.0,3.0,3.0,3.0,5.0,5.0,4.0,4.0,3.0,1.0,4.0,3.0,SONA
167,Disclosed,18.0,Female,"20,26,27,29,30",20.0,26.0,27.0,29.0,30.0,4.0,4.0,4.0,4.0,4.0,4.0,4.0,4.0,4.0,4.0,4.0,4.0,4.0,4.0,4.0,4.0,4.0,4.0,4.0,4.0,4.0,4.0,4.0,4.0,4.0,4.0,4.0,4.0,4.0,4.0,5.0,5.0,5.0,5.0,5.0,5.0,5.0,5.0,5.0,5.0,5.0,5.0,5.0,5.0,5.0,5.0,5.0,5.0,5.0,5.0,5.0,5.0,5.0,5.0,5.0,5.0,5.0,5.0,5.0,5.0,4.0,4.0,4.0,4.0,4.0,4.0,4.0,4.0,4.0,4.0,4.0,4.0,4.0,4.0,4.0,4.0,4.0,4.0,4.0,4.0,4.0,4.0,4.0,4.0,4.0,4.0,4.0,4.0,4.0,4.0,2.0,4.0,4.0,3.0,4.0,5.0,2.0,3.0,1.0,3.0,4.0,4.0,3.0,2.0,3.0,3.0,3.0,2.0,3.0,2.0,SONA
168,Not Disclosed,22.0,Female,"7,18,24,31,32",7.0,18.0,24.0,31.0,32.0,3.0,4.0,5.0,5.0,5.0,5.0,4.0,4.0,3.0,4.0,5.0,4.0,5.0,5.0,4.0,5.0,5.0,4.0,5.0,4.0,5.0,4.0,5.0,4.0,5.0,5.0,4.0,5.0,4.0,4.0,4.0,4.0,4.0,3.0,5.0,4.0,5.0,4.0,5.0,5.0,5.0,5.0,5.0,5.0,4.0,3.0,4.0,5.0,4.0,5.0,3.0,5.0,4.0,5.0,5.0,5.0,4.0,5.0,5.0,5.0,4.0,4.0,5.0,5.0,4.0,4.0,5.0,5.0,4.0,4.0,4.0,4.0,4.0,4.0,4.0,5.0,5.0,3.0,4.0,5.0,4.0,5.0,5.0,3.0,5.0,5.0,4.0,3.0,4.0,4.0,4.0,4.0,5.0,3.0,3.0,4.0,2.0,4.0,4.0,5.0,4.0,2.0,1.0,3.0,4.0,1.0,4.0,4.0,4.0,3.0,SONA
169,Not Disclosed,19.0,Female,"7,9,11,15,28",7.0,9.0,11.0,15.0,28.0,2.0,3.0,3.0,5.0,4.0,5.0,5.0,4.0,5.0,4.0,5.0,2.0,3.0,2.0,3.0,3.0,3.0,2.0,5.0,3.0,3.0,2.0,3.0,3.0,4.0,4.0,5.0,2.0,3.0,3.0,2.0,4.0,5.0,5.0,4.0,3.0,5.0,4.0,4.0,2.0,5.0,2.0,2.0,3.0,4.0,2.0,5.0,2.0,5.0,4.0,4.0,2.0,2.0,3.0,4.0,5.0,5.0,5.0,3.0,1.0,2.0,3.0,3.0,5.0,5.0,4.0,4.0,3.0,5.0,2.0,4.0,1.0,2.0,3.0,3.0,3.0,3.0,3.0,5.0,2.0,4.0,1.0,2.0,3.0,4.0,4.0,4.0,2.0,2.0,1.0,2.0,3.0,2.0,1.0,3.0,3.0,1.0,2.0,2.0,3.0,3.0,2.0,2.0,4.0,3.0,2.0,1.0,2.0,3.0,3.0,SONA
170,Not Disclosed,21.0,Male,"11,13,27,30,31",11.0,13.0,27.0,30.0,31.0,3.0,3.0,3.0,4.0,4.0,4.0,4.0,4.0,3.0,3.0,3.0,4.0,3.0,3.0,4.0,5.0,4.0,3.0,5.0,3.0,5.0,3.0,4.0,2.0,5.0,3.0,3.0,5.0,5.0,4.0,1.0,3.0,4.0,4.0,4.0,4.0,4.0,4.0,4.0,4.0,4.0,4.0,4.0,4.0,4.0,4.0,4.0,3.0,4.0,4.0,4.0,3.0,4.0,3.0,4.0,3.0,4.0,4.0,4.0,4.0,4.0,4.0,4.0,4.0,4.0,4.0,4.0,4.0,4.0,4.0,4.0,4.0,4.0,4.0,4.0,3.0,4.0,4.0,4.0,4.0,4.0,4.0,4.0,4.0,4.0,4.0,4.0,4.0,4.0,4.0,1.0,4.0,3.0,3.0,5.0,4.0,2.0,4.0,4.0,4.0,4.0,4.0,1.0,4.0,4.0,4.0,3.0,3.0,3.0,3.0,SONA
171,Disclosed,22.0,Male,"15,26,28,30,23",15.0,26.0,28.0,30.0,23.0,4.0,4.0,2.0,5.0,5.0,5.0,4.0,5.0,5.0,5.0,5.0,3.0,4.0,4.0,4.0,5.0,5.0,2.0,5.0,5.0,4.0,5.0,5.0,5.0,5.0,5.0,5.0,4.0,5.0,4.0,5.0,4.0,1.0,5.0,5.0,5.0,5.0,5.0,5.0,5.0,5.0,4.0,5.0,5.0,5.0,4.0,5.0,1.0,5.0,5.0,5.0,5.0,5.0,4.0,5.0,5.0,5.0,1.0,5.0,5.0,5.0,5.0,1.0,5.0,5.0,5.0,5.0,4.0,5.0,5.0,5.0,2.0,4.0,5.0,4.0,5.0,5.0,5.0,5.0,5.0,5.0,5.0,5.0,4.0,4.0,5.0,5.0,4.0,5.0,4.0,1.0,4.0,3.0,4.0,4.0,4.0,4.0,2.0,4.0,4.0,5.0,5.0,2.0,5.0,2.0,4.0,2.0,2.0,2.0,4.0,SONA
172,Not Disclosed,21.0,Female,"9,22,29,30,31",9.0,22.0,29.0,30.0,31.0,3.0,2.0,3.0,4.0,2.0,4.0,3.0,4.0,4.0,3.0,4.0,3.0,3.0,2.0,3.0,2.0,3.0,4.0,3.0,3.0,3.0,4.0,3.0,3.0,4.0,4.0,4.0,3.0,4.0,2.0,4.0,4.0,4.0,4.0,4.0,5.0,5.0,5.0,5.0,5.0,4.0,4.0,4.0,4.0,5.0,4.0,4.0,4.0,5.0,4.0,4.0,4.0,4.0,4.0,5.0,5.0,5.0,4.0,5.0,4.0,4.0,4.0,4.0,5.0,5.0,4.0,5.0,4.0,5.0,4.0,4.0,5.0,4.0,5.0,5.0,4.0,4.0,5.0,5.0,4.0,4.0,4.0,4.0,4.0,5.0,5.0,4.0,5.0,5.0,4.0,3.0,3.0,3.0,3.0,5.0,2.0,3.0,3.0,3.0,3.0,4.0,4.0,3.0,4.0,4.0,3.0,3.0,3.0,2.0,3.0,SONA
173,Disclosed,21.0,Female,"6,9,13,22,23",6.0,9.0,13.0,22.0,23.0,4.0,4.0,4.0,4.0,4.0,3.0,4.0,3.0,3.0,3.0,4.0,4.0,4.0,4.0,4.0,4.0,4.0,3.0,4.0,4.0,3.0,4.0,4.0,4.0,4.0,4.0,4.0,4.0,4.0,4.0,4.0,4.0,4.0,4.0,3.0,3.0,4.0,4.0,4.0,3.0,4.0,4.0,4.0,4.0,4.0,4.0,4.0,4.0,4.0,4.0,4.0,5.0,5.0,3.0,4.0,4.0,3.0,4.0,3.0,4.0,4.0,4.0,4.0,3.0,4.0,3.0,4.0,4.0,4.0,4.0,3.0,2.0,4.0,4.0,3.0,4.0,4.0,5.0,4.0,4.0,3.0,3.0,4.0,4.0,4.0,2.0,4.0,4.0,4.0,4.0,2.0,4.0,3.0,3.0,5.0,4.0,2.0,1.0,2.0,3.0,4.0,3.0,2.0,4.0,1.0,4.0,4.0,3.0,2.0,2.0,SONA
174,Not Disclosed,20.0,Male,"5,6,14,21,22",5.0,6.0,14.0,21.0,22.0,5.0,3.0,5.0,5.0,5.0,5.0,5.0,5.0,5.0,5.0,5.0,5.0,5.0,5.0,5.0,5.0,5.0,5.0,4.0,5.0,5.0,5.0,5.0,5.0,5.0,5.0,5.0,5.0,3.0,5.0,5.0,3.0,5.0,5.0,5.0,5.0,3.0,5.0,3.0,5.0,5.0,5.0,5.0,5.0,5.0,5.0,5.0,5.0,3.0,5.0,5.0,3.0,4.0,3.0,3.0,4.0,5.0,3.0,3.0,5.0,5.0,5.0,5.0,5.0,5.0,5.0,5.0,5.0,5.0,5.0,5.0,5.0,5.0,5.0,5.0,5.0,5.0,5.0,5.0,5.0,5.0,5.0,5.0,5.0,5.0,5.0,5.0,5.0,5.0,5.0,1.0,3.0,3.0,3.0,4.0,4.0,3.0,4.0,2.0,4.0,3.0,4.0,1.0,5.0,4.0,4.0,4.0,1.0,3.0,3.0,SONA
175,Disclosed,20.0,Female,"11,16,35,24,29",11.0,16.0,35.0,24.0,29.0,5.0,5.0,5.0,5.0,5.0,5.0,5.0,5.0,5.0,5.0,5.0,5.0,5.0,5.0,5.0,4.0,5.0,5.0,5.0,5.0,5.0,3.0,4.0,5.0,5.0,3.0,5.0,5.0,5.0,4.0,5.0,5.0,5.0,5.0,5.0,5.0,5.0,5.0,5.0,5.0,5.0,5.0,5.0,5.0,5.0,4.0,5.0,5.0,5.0,5.0,5.0,3.0,5.0,5.0,5.0,4.0,5.0,5.0,5.0,5.0,5.0,5.0,5.0,5.0,5.0,5.0,5.0,5.0,5.0,5.0,5.0,5.0,5.0,5.0,5.0,5.0,5.0,5.0,5.0,5.0,5.0,3.0,4.0,5.0,5.0,5.0,5.0,5.0,5.0,5.0,1.0,2.0,3.0,1.0,4.0,4.0,3.0,1.0,2.0,4.0,3.0,4.0,3.0,5.0,1.0,1.0,2.0,4.0,3.0,2.0,SONA
176,Not Disclosed,22.0,Male,"20,26,28,30,23",20.0,26.0,28.0,30.0,23.0,2.0,3.0,3.0,3.0,3.0,4.0,4.0,2.0,4.0,4.0,3.0,4.0,2.0,4.0,4.0,5.0,4.0,2.0,4.0,4.0,3.0,3.0,4.0,3.0,4.0,5.0,4.0,1.0,2.0,4.0,1.0,4.0,2.0,3.0,3.0,2.0,3.0,3.0,4.0,4.0,4.0,1.0,2.0,2.0,3.0,4.0,2.0,4.0,4.0,2.0,2.0,4.0,4.0,4.0,5.0,4.0,4.0,3.0,4.0,3.0,1.0,3.0,4.0,3.0,3.0,4.0,2.0,4.0,4.0,4.0,4.0,1.0,2.0,4.0,3.0,4.0,2.0,4.0,4.0,1.0,2.0,5.0,4.0,5.0,4.0,5.0,3.0,2.0,5.0,4.0,1.0,4.0,5.0,4.0,4.0,4.0,2.0,4.0,2.0,5.0,4.0,2.0,2.0,4.0,2.0,4.0,1.0,1.0,4.0,2.0,SONA
177,Disclosed,19.0,Female,"9,13,21,22,31",9.0,13.0,21.0,22.0,31.0,5.0,5.0,5.0,5.0,5.0,5.0,5.0,5.0,5.0,5.0,5.0,5.0,5.0,5.0,5.0,5.0,5.0,5.0,5.0,5.0,5.0,5.0,5.0,5.0,5.0,5.0,5.0,5.0,5.0,5.0,5.0,5.0,5.0,5.0,5.0,5.0,5.0,5.0,5.0,3.0,5.0,5.0,5.0,5.0,5.0,5.0,5.0,5.0,5.0,5.0,5.0,5.0,5.0,5.0,5.0,5.0,5.0,5.0,5.0,5.0,5.0,5.0,5.0,5.0,5.0,5.0,5.0,5.0,5.0,5.0,5.0,5.0,5.0,5.0,5.0,5.0,5.0,3.0,5.0,5.0,5.0,5.0,5.0,5.0,3.0,5.0,5.0,5.0,5.0,5.0,2.0,4.0,2.0,3.0,3.0,3.0,3.0,3.0,2.0,2.0,3.0,3.0,2.0,4.0,1.0,2.0,3.0,3.0,1.0,2.0,SONA
178,Not Disclosed,20.0,Female,"1,6,9,13,15",1.0,6.0,9.0,13.0,15.0,4.0,4.0,4.0,5.0,4.0,5.0,4.0,2.0,4.0,5.0,5.0,5.0,5.0,4.0,2.0,4.0,5.0,1.0,4.0,4.0,5.0,1.0,5.0,4.0,4.0,2.0,5.0,4.0,4.0,1.0,4.0,5.0,5.0,5.0,5.0,5.0,5.0,1.0,5.0,5.0,5.0,1.0,5.0,5.0,4.0,4.0,4.0,1.0,5.0,4.0,4.0,1.0,1.0,1.0,5.0,5.0,5.0,5.0,5.0,1.0,4.0,4.0,4.0,5.0,5.0,5.0,5.0,1.0,4.0,4.0,4.0,5.0,1.0,2.0,5.0,1.0,5.0,4.0,5.0,4.0,5.0,1.0,1.0,2.0,5.0,5.0,4.0,2.0,5.0,2.0,3.0,4.0,3.0,3.0,4.0,3.0,2.0,3.0,3.0,3.0,3.0,4.0,3.0,3.0,2.0,3.0,3.0,2.0,3.0,3.0,SONA
179,Disclosed,21.0,Male,"6,22,26,29,23",6.0,22.0,26.0,29.0,23.0,4.0,5.0,4.0,4.0,5.0,4.0,4.0,4.0,4.0,5.0,5.0,4.0,4.0,4.0,5.0,4.0,4.0,4.0,4.0,4.0,5.0,4.0,4.0,4.0,4.0,5.0,5.0,5.0,4.0,4.0,5.0,5.0,5.0,4.0,4.0,4.0,5.0,5.0,5.0,5.0,5.0,4.0,5.0,5.0,4.0,4.0,5.0,5.0,5.0,4.0,4.0,5.0,4.0,4.0,4.0,5.0,4.0,4.0,3.0,5.0,4.0,4.0,4.0,4.0,5.0,4.0,4.0,5.0,4.0,4.0,4.0,4.0,4.0,4.0,4.0,4.0,4.0,4.0,4.0,5.0,5.0,5.0,4.0,4.0,5.0,4.0,5.0,4.0,4.0,5.0,2.0,5.0,4.0,5.0,5.0,5.0,5.0,3.0,3.0,4.0,4.0,5.0,5.0,5.0,3.0,3.0,5.0,5.0,3.0,5.0,SONA
180,Disclosed,21.0,Female,"15,19,24,25,23",15.0,19.0,24.0,25.0,23.0,5.0,5.0,2.0,5.0,5.0,5.0,4.0,4.0,5.0,5.0,5.0,1.0,4.0,2.0,5.0,5.0,4.0,4.0,5.0,5.0,4.0,5.0,5.0,4.0,5.0,5.0,5.0,4.0,5.0,4.0,5.0,2.0,1.0,5.0,5.0,5.0,5.0,4.0,5.0,4.0,5.0,1.0,2.0,4.0,4.0,5.0,2.0,1.0,5.0,5.0,5.0,5.0,5.0,2.0,5.0,4.0,5.0,3.0,5.0,4.0,5.0,5.0,5.0,5.0,5.0,5.0,5.0,5.0,5.0,5.0,5.0,5.0,5.0,5.0,5.0,5.0,5.0,5.0,5.0,5.0,5.0,5.0,5.0,5.0,5.0,5.0,5.0,5.0,5.0,5.0,1.0,3.0,2.0,2.0,5.0,3.0,2.0,2.0,2.0,4.0,4.0,4.0,2.0,4.0,3.0,2.0,1.0,1.0,4.0,4.0,SONA
181,Not Disclosed,20.0,Female,"6,12,17,29,30",6.0,12.0,17.0,29.0,30.0,5.0,5.0,5.0,5.0,5.0,5.0,5.0,5.0,5.0,1.0,1.0,1.0,5.0,5.0,5.0,5.0,5.0,4.0,5.0,5.0,1.0,3.0,5.0,5.0,5.0,5.0,5.0,5.0,3.0,5.0,5.0,5.0,5.0,5.0,5.0,5.0,5.0,5.0,5.0,5.0,1.0,1.0,5.0,5.0,5.0,5.0,5.0,5.0,5.0,5.0,1.0,5.0,5.0,5.0,5.0,5.0,5.0,5.0,3.0,5.0,5.0,4.0,5.0,5.0,5.0,5.0,5.0,5.0,5.0,1.0,1.0,1.0,4.0,5.0,5.0,5.0,5.0,4.0,5.0,5.0,1.0,2.0,5.0,5.0,5.0,5.0,5.0,5.0,3.0,5.0,5.0,3.0,5.0,4.0,5.0,2.0,4.0,3.0,5.0,2.0,4.0,3.0,5.0,5.0,4.0,4.0,4.0,3.0,4.0,3.0,SONA
182,Not Disclosed,26.0,Female,"6,7,14,27,32",6.0,7.0,14.0,27.0,32.0,5.0,4.0,3.0,5.0,4.0,5.0,5.0,4.0,5.0,5.0,5.0,1.0,5.0,5.0,4.0,4.0,4.0,1.0,5.0,5.0,3.0,4.0,5.0,5.0,4.0,5.0,4.0,5.0,4.0,3.0,4.0,4.0,4.0,5.0,4.0,5.0,4.0,4.0,5.0,4.0,4.0,2.0,3.0,2.0,3.0,4.0,1.0,3.0,5.0,5.0,4.0,4.0,5.0,5.0,5.0,5.0,5.0,5.0,4.0,4.0,5.0,5.0,4.0,5.0,5.0,5.0,5.0,4.0,5.0,5.0,5.0,2.0,4.0,5.0,4.0,5.0,5.0,3.0,4.0,3.0,4.0,3.0,5.0,5.0,3.0,5.0,5.0,5.0,5.0,3.0,2.0,2.0,3.0,3.0,5.0,5.0,3.0,4.0,4.0,4.0,4.0,4.0,1.0,5.0,4.0,1.0,2.0,3.0,1.0,2.0,SONA
183,Disclosed,21.0,Female,"4,6,7,9,25",4.0,6.0,7.0,9.0,25.0,5.0,5.0,5.0,4.0,5.0,4.0,5.0,3.0,5.0,5.0,5.0,3.0,5.0,4.0,5.0,4.0,5.0,1.0,5.0,5.0,5.0,2.0,3.0,4.0,4.0,5.0,5.0,2.0,5.0,3.0,5.0,5.0,5.0,5.0,5.0,5.0,5.0,4.0,5.0,5.0,5.0,5.0,5.0,5.0,5.0,2.0,5.0,5.0,5.0,5.0,5.0,2.0,4.0,5.0,5.0,4.0,5.0,1.0,5.0,2.0,5.0,5.0,5.0,5.0,5.0,5.0,5.0,5.0,5.0,5.0,5.0,5.0,5.0,5.0,5.0,3.0,5.0,5.0,5.0,5.0,5.0,2.0,5.0,5.0,5.0,5.0,5.0,5.0,5.0,5.0,1.0,1.0,5.0,1.0,4.0,2.0,1.0,5.0,4.0,4.0,3.0,1.0,1.0,3.0,5.0,2.0,1.0,1.0,5.0,3.0,SONA
